قطر مرادف الارهاب ,hate
ارمني يوناني يحمل جنسية المانية من مواليد سوريا يعني ابوه كان لاجئ كلب ابن شحاطة بسوريا كاتب على واجهة شركته الخاصة يجب ان ترحل ميركل لك ياحيف على الفول والحمص اللي اكلته بببلدنا يا ابن الصرماية,hate
يا حمار قمة يعني زبالة,abusive
ما حدا غير يلي خلفتك عاهرة يا منحط يا سافل ,abusive
طيب كلي هوا وخليكي بزباله لبنان,abusive
حسن عليق؟؟؟ كول هوا,abusive
يا حبيبي سعد الحريري باع دم بيو كرمال يعمر سوريا تفه شو واطي رح تروحو تحت الدعس طول بالك انت بدك تحكي رأيس وليد بيك جنبلاط يا وطي,hate
عامليتلي بلوك الحيوانة,abusive
اخرس يا أيها النجس الخنزير الديوث انت وبشار الكيماوي وحزب الشيطان والمجوس إلى مزبلة التاريخ ,hate
لك يقطع عمرن اسم على مسمى,abusive
كان زهايمر ياتي في عمر متأخر بس ها الزمن بلش الزهايمر من عندك للعمر متأخر محتاج الى حكيم نفساني ليعالج هواجس عقلك ,abusive
ابوك الحرامي طبعا يا عيلة وسخة بلا شرف ولا اخلاق,abusive
دويلة قطر بحق دولة مارقة فاسدة سيئة السمعة ,hate
يا غيني ما هيدا حليف ايران ة إيران حليفة سوريا و سوريا حليفة حزب الله وانت كلب حزب الله يعني كيف زبطت معك   ,abusive
لا والله ان مصر عصيه عليه وعلي مليون زي تميم البغل ده ,abusive
والامن متفلت، والمحاكم نهشها الفساد، ورجال الدولة خيرهم للخارج، والتلوث باعلى درجاته ,normal
شو هالغبية او شو هالحمارة عم يحكي عن رجوع سوريا الى الجامعة العربية فشو دخل لبنان ؟,abusive
حيوان هوي وحذبو معوّدين عالزحف والتزقيف,abusive
عادي قولي يلعن روحك بلا مؤاخزة يا حافظ,abusive
كول هوا فطس لملكك انشالله بلكي منخلص من عدد اليهود الموجودين المدعيين انن مسلملين,abusive
الاناء ينضح بما فيه عثمان رجل دوله وانت قاتل محمد ابو ذياب ,abusive
هل بادروهم اليونانين بالمثل للسورين بيوم الصعوبات التي يمرون بها السوريون ام عملوا عليهم تسكير على شواطئ بحر اليونان,normal
مستحيل هالعمرو خالد ما ازنخه يخرب دياره شي مو طبيعي,abusive
يتيم المجد يدفع لكم ملياردولار واخرتها تحطون صورته وتكتبون تميم العنز  مالكم حل اخذتم الفل… ,normal
الروس المفروض ينشهروا بالوقاحة مو بالڤودكا,hate
منافق جبران باسيل,abusive
تضرب انت والفهم يا محترف انت مين انت لتحكي عن السومة هيك الغير احترافي واحد  متلك طشم يحكي هيك عن  كابتن بحجم انديه كبرى و للعلم السومه اكثر حدا بادر للالحتاق بالمعسكرات للمنتخب ف سدووو لبوزك,abusive
يلعن روحك رشيد كرامي على روح فيصل الديوس كلب ايران هيدا الكلام من مسلم سني لبناني وطني,abusive
قلتلكم ما تفوتو بالشخصي ما بدكم يلا انقلعي يا بنت الكلب انت كمان شعب مجوي غير هيك ما بتمشوا بتضلكم تهينو الواحد تتنزلو لمستواكم يا كلاب,hate
مياومو الإعلام وشائعاتكم ما رح تغبروا عل صرماية الوزير الملك جبران باسيل يلي بتشرف إعلامكم وأصحاب محطاتكم المأجورين للخارج تفه,hate
انقبر كول هوا كل الاحزاب والمليشيات اللبنانية والاحتلالات والارهابيين والعصابات المسلحة قبل الحرب وبعد الحرب أطل…,abusive
ما حارقلكم قلبكم غير لبنان يا كلاب,abusive
بس ولاك ما حدا قاهركن الا جبران باسيل اندال,abusive
يا إمّعَة يا ربع رجال بيشرفك اللواء يا جاهل الجاهلية ,abusive
انت بس عم تكتب لتفرجي الناس انك بتطااع بالكتب وانت لا تعرف عير لغة الصرامي يا احقر المخلوقات ,abusive
هههه سعودي شو هيدا مرتد لولد لولد وتاني شي كردي ,hate
سد بوزك انت جايي تتفلسف هون روح انقبر انضب وضب لسانك يا حقير احقر البشر انت وامثالك ولا تجيب سيرة السيد حسين ع لسانك لان ح يجي يوم وينقطع يا بلا اخلاق,abusive
كول هوا مش شغلك,abusive
شو خلصنا من العونية طلعولنا كلاب نصرالله يهوشو,hate
لا نخشاك ياسفاح الشام بحياة امك تخبرني بشو نتصر اسدك بس فاتح عيونك يا بهيم يلي عم دافع عنو هو يلي قتل ابنك وخيك وبيك وكل عايلتك هو يلي باع شرفك يا بلا شرف ما اقرفك,abusive
يعني حمار وعارف أن الفلوس لسيدك حسن الزباله ,abusive
تفيييييي على أحسن شيخ بسوريا ازا ما بدهن حرق العمى هدول باعو آخرتهم بدنياهم,hate
الأردن بنت ميتين الوسخة قفلت الحدود بشكل كامل مع درعا عشان لا مدني ولا عسكري يعدي لما حملة النظام تبدأ الأردن ياما عطلت,hate
مياومو الإعلام وشائعاتكم ما رح تغبروا عل صرماية الوزير الملك جبران باسيل يلي بتشرف إعلامكم وأصحاب محطاتكم المأجورين,abusive
كلاب جبران ,abusive
بلعربي لمشبرح كول هوا,abusive
اي شو هل العهد القوي يلي بدو دنب الكلب يتوسطلوا,abusive
والله انك كذاب يا اصلع الرأس والاخلاق بس ماقصر الزول نتف باقي الشعر…,hate
وانت ياحمار لازم كمان تعرف انت ومعلمك الهبيلة انو صرمايت لصغير بي بيت الحريري ابتسوى رقبتكون افهمت ولا برجع بعيد سدو لنيعك ياحقير ,abusive
شام يا ذا السيف لم يغب ,normal
نعم إن منعها هو خوفاً من أن يورط صغار القوم كبارهم ,normal
انا برأيي تسد نيعك وما تتفلسف كلهم فاسدين، انا بوافق بس تبييض وتطبيل من المتخلفين الكل… ,abusive
ولاك انت يمكن سوري او جربوع او حيوان بس كون اكيد انو الحريري بصرماينو داعس عليكم,hate
ﻳﻢ ﻣﺸﻬﺪﻱ ﺍﻟﻮﺣﻴﺪ ﺏ ﺳﻮﺭﻳﺎ ﻳﻠﻲ ﻓﻴﻪ ﻳﻜﻮﻥ ﺭﻭﻣﻨﺴﻲ ﻫﻞ ﺍﻟﺨﺮﻳﻒ ﻫﻮ ﻳﻠﻲ ﻋﻨﺪﻭ ﺧﺰﺍﻥ ﻣﺎﺯﻭﺕ معبى,normal
هيدا السيد يلي عم تحكي عنو غبرة صرمايتو بتشرف الأندال يلي مثلكم ,abusive
قد يكون كما تدعين لكن له مبدأ واضح مو متل العواهر الي عندك ,hate
ولك يلعن روح ابوك على ابوه للإسد يا خنزير يا ابن الخنازير بس ولا ارنب بس ولا بلا شرف انت وخنزير الضاحيه,abusive
انا مش عربية انا فينيقية لا يا شطورة إنتي حمارة,abusive
حذف تغريدته لانه كلب من كلاب الترك شركسي الاصل او يوناني,hate
طيب حضرتك شو عمبتقدم لبلدك غير لغة الصرامي ,abusive
لك يا حجي عيفك من بشار الجحش صار في عنا أولويات أهم لا بديل عن إسقاط نصر الحريري لابديل عن إسقاط النظام,abusive
ولك استحي بقى ما في عا لسانك الا سوريا ,abusive
كول هوا انت  ,abusive
عزيزي جبران باسيل ع تويتر معش تغرد معش تغرد ع تويتر هكرولو حسابه طعمرك,abusive
اي خراس فوق ماعم اثني عليها,abusive
بدك تعود حالك إنّو ال مليار الدين العام رح يصيرو مليار ورح تضلّك تهتف يا مسطول بالروح بالدم منفديك يا زعيم ، والله ليوصل عواكم على قبرص من الفقر,abusive
مرجع كبير منو هوي يا   تيس ,abusive
معالي الوزير اعمل بلوك لهذا الحيوان ,abusive
يالطيف شو بشعة روحي عالمطبخ وسكتي حجة,hate
ممكن تفرشي سنانك قبل كل تويت بليز في ريحة خرى قوية,abusive
بدك شي شاكوش يضرب راسك ليفتح مخك السيد مش لاكشك باجرو,abusive
العمى يعميك شو جحش صحيح انك بلا حياء وما عندك ذرة كرامة يا واطي,abusive
قبوط وصعلوك وبهلول وهبول ومسطول وعندها واحد زنخ سمج سميك بلبنان,abusive
سماحة شيخ عقل الطائفة الدرزية   الشيخ نعيم حسن فاخرس يا ايها البرميل ,abusive
قليل ادب ,abusive
الأكثر حضوراً على المسرح يكون الطبال اسم الله حولك حضورك دائم ومستمر طبال بحجم طرطور ,abusive
ايوا فضحو حالكن يا كلاب سعودية واحد ورا واحد اعلام سعودي قاطعوا ام تي في,abusive
كول هوا هوا كول يا طبل,abusive
جبران باسيل متخلف عقلياً,abusive
للامانة هالبقرة تحديدا حاصلة على جائزة أكبر بقرة حلوب منذ بدء الخليقة,abusive
قذرين وسخين داعش قليلة عليكن,hate
يا زلمة والله اذا بتسكر تمك بترتاح وبتريح حاجتك تحكي وتبين انك انسان ناقص عقل ورسمالك كم    بيتغير اسلوبك ,abusive
وانت من الدروز يافيصل وبتكتبو الخضر وشعيب وشبعرفني شو نسيت نجمتك الخماسية يا فلاح يا ضيعجي,hate
معاليك لي ما بتشتغلوا على السكت وبلا حكي وإذا طلع بايدكن ما تقصرو قرفنا منك انضبب ,abusive
كول هوا شايفني خايف منك يعني هواي عليك وعل امارات شعب ما يجي بالاحترام طز فيك وبلدك,hate
الحق عليهالمفروض يركب الكلب يلعن امو على ابوه,abusive
يلّي بدّو يجيب سيرة الوزير جبران باسيل بالعاطل بدّو يسمع كلام أوسخ من أعمال حركة أمل,hate
يا عيني ملا حريدة ، جريدة الاخبار للفتنة و للكذب بتحدى جريدة الاخبار تحكي عن الفساد و السرقة في مجلس الحنوب ,hate
اضحك مع أرنب الجاهلية حنجيبك ,abusive
كول هوا يلعن الي نفضك خاين كلب,abusive
هذا كابوس له ولعنة الايتام وسب الاموات في قبورهم ,normal
وءام وهاب ياغادر ابودياب اخرتك طعام للكلاب وانت واحد كذاب بضلك واقف عالبواب وتشحد الزعامه من اسيادك,abusive
عووي وخلي صوت عواك يوصل للسما وكل ما تزيد عواء بنبسط بصوتك بس يا كلب يا وهاب فشرت ارميلك عضمة تا تسكت خليك عم تعووي ,abusive
جمال كول هوا انا مسامحه شو ما يحكي عليي بحضوري و بغيابي,abusive
اه يا هبيلة هيدا شربان بول بعير قبل ما يغرد,abusive
ما نايكن الا جبران باسيل عن جديد منا وجر,abusive
كول هوا خسرتو بأرضك وبين جمهورك بعد ما منعت القطريين من تشجيع جمهورهم انتو فاشلين في كل شئ وهم متفوقين,abusive
طز فيك وفيهم إذا حاببهن كثير ظب كلاكيشك وروح او بقلك خذ الزرد معك وفل ,abusive
انت يافارس يا واطي يا رافضي يا مجوسي العرب والبدوو الشرف منك يا عديم الشرف,hate
هلق السعوديه والامارات مناح حيرتن والله كلن اخرى من بعض ,hate
وكأنك تطلب حماية وليد بك يا جاهل حنجيبك ,abusive
وئام وهاب وصرمايتي سوا ,abusive
قولي لضيفك ما يبلع ريقو احسن ما يتسمم ، مش مقبول الحقد هلقد على الشيعة,abusive
مارسيل غانم انت واحد كلب حقير مرتشي لاذمة ولا ضمير,abusive
ههههههههههه كول هوا,abusive
مصطفى حمدان كول هوا طوني خليفة,abusive
العمى شو تشتوش,abusive
ليش يا شنتير شو كان في مقابلته شي مس منيح ؟ بالعكس يا اصلع كان تهديد قوي لعدوك اذا بتعترف فيه يا مسطل,abusive
فشرت يا زنديق و طويلة عرقبتك عثمان تاج راسك ,abusive
الإخوان د واحس و علمانيين عملاتنا لوجه واحده وهي يهود,hate
كول هوا يا حمار اليوم,abusive
وانت من السياسين ولا العاهرات,abusive
بس بدك تحكي تحكيش متل الخنازير ,abusive
روح شوف معلمك جبران باسيل و سرقاته بالكهرباء يا حقود يا صاحب الوجه البشع,abusive
العرب كلهم بدهم حرق وبس,hate
رشيد كرامي كلب وفطس  هيدا رفيق نجا بضلو يعوي زتولو عضمي,abusive
انتقاما للمهاجرين لازم نبيد السوريين,hate
اراكوز ,abusive
شو هالدفاع البيخري يابا,abusive
كول هوا يا كلب يا فلسطيني اشرف من عائلتك الجربانه يا لقيط,abusive
بوق لإيران وكلبها وعميلها حسن زميره ومؤيد لإجرامهم وتتكلم وتتهم أمير قطر بدعم مايسمى الإرهاب عجبى ,abusive
بلبنان هي أوطى صنف,abusive
واحد متلك بهيم ووسخ وما بشرفني ناقش حدا قاعد بلبنان وانتماؤؤ لمحل تاني فبرجع قلك بس تصير لبناني منحكي,abusive
ارنب وبضلك ارنب ابكي بترتاح يا صرماية,abusive
شكلو زمان محدا قلكم كلو خرا عموما كلو خرا,abusive
تفو علي طول عمرو واطي روح نضب ياطلال ياعيب الشوم عليك بس شو بدي يحكي الواحد طول عمرك هيك رخيص,abusive
اه يا هبيلة غنم ,hate
اه يا فاشل افتخر ولا يهمك لأنك انسان انتهازي حقير  تابع للسفاحين والموالين  والسفلة ولولا تكن تشبههم لما افتخرت بهم مبروكين عليك لأنه وعلى قول المثل اللي متلك روح لعندو ,abusive
جيش ابو شحاطة النصيري القذر الجيش الوحيد بالعالم يلي بيقتل شعبه كي يبقى الخنزير بشار متخوزق عالكرسي اتفووووو,hate
انت خراس شو هالموديل عبكرة الصبح,abusive
الان دخلت صفحتك وعرفت انك من اللي مشغلهم نظام الحمارين كلاب تنبح ضد السعودية,abusive
زحط يا زبالة,abusive
كفوا لسانكم عن القائد الخالد جوز أنيسة,normal
وقح واطي بلا أدب عاطل يهودي محنك لئيم ومع هيدا أوسكار احلى منك انت روح خلي ايران وإسرائيل يلعبوا معك وفيك,abusive
ولا واحد من الحمير العرب القامعين على السلطة انحنوا لا لكبير ولا لصغير,abusive
جعجع يقصف عمرك ياحشاش ياعميل ياوسخ خراس يبليك باتلك روح انضب يا زبالة,abusive
والله لا اعلم على ماذا تضحك على هبلك او على خسارت المعركة الانتخابية في وجه البيك او على العزلة التي وضعوك فيها هههههه ,abusive
لو في دولة اساسا وتحترم نفسها لن تترك بوقا شيطانيا مثلك فتنوي انت وصرمايتك سوا   ,abusive
ليك كول هوا وعملي بلوك,abusive
اكيد نحنا ما منتسعّر يا غشيم اما انتو سعركن معروف ولا ارخص من هيك ,abusive
نحن اللبنانين ما بدنا يسلمو سلاح للدولة لان شايفين كتير منيح الدولة شو عم تعمل بالشعب روح كول هوا و نام احسن,abusive
معاليك معود عالصرامي صار بدك تحكي بالسندات و الاستثمار خليك لا تعرف اريحلك ,abusive
سارقين البيت وحارقينه يلعن الأسد,abusive
شو هالدولة لي نحنا عايشين فيها معقول ماحدا قادر يخرسك أو يشلحك بالسجن قاتل وسارق وتطلب السجن لغيرك شو هالوقاحه لي عندك ,abusive
انتبه طوق النجاة يخنئك ولك كبرانة الخسة براسك,abusive
الملفت بهيك حمار معبا ببنطلون مو انه منظومته الاخلاقية عديمة الأخلاق تماما، وإنما اعتقاده انها متفوقة على غيره,abusive
لا والله يلعنك ويلعن تركيا و روسيا و ايران يا ارقى انواع الطشم و هل بعد العلوي طشم يلعنك محتل,hate
مؤسف حزب الكتائب من بيار الجميل الكبير الى سامي الصغير الهبيل المستهبل السخيف الذي كل همه مهاجمة حزب كبير,abusive
ولك كول هوا يا واطي ولك انت واحد عم يندفعلك لتحكي ع تاج راسك ولك ستخي ع حالك يا صباطو للسيد واعتذر من الصباط لتشبيهه بك,abusive
شو رأيك يحطوك أنت شيخ ألكذابين بتلبقلك ,abusive
اصلا مع هيك عالم لازم نستخدم لغة الصرامي يا نعال الجنبلاط ,hate
شو يا وجه العنز عرب الشمال الي برجلهم بتشرفك وبتشرف كل واحد مثلك وانتم الاعراب أشد كفرا ونفاقا سنح الي حامل رايك ما اتيسو,hate
أقترح ردم اللاجئين بالبحر على طريقة ردم جبل النفايات بصيدا,hate
الله لايبارك فيك ولامرحب فيك اطلاقا على الكرة الارضيه مابتسوا ليرة بايام الغلا وهل اسيادك اشرف من جزمت امير قطر ياح  ,abusive
ارفعوا العشره مشكلتكم ما الو خص علاء الخواجة يا صاحب الصرامي ,abusive
ضحكو على هالهبيلة جبران باسيل ميشال عون جوزف عون جبران باسيل ميشال عون جوزف عون جبران باسيل ميشال,abusive
شيعة جنوب لبنان معروفين عند اللبنانيين بالفوضوية ورفع الصوت وعندما يهزمون بالحجة الحل عندهم الفوضى,hate
العما شو هالحمار,abusive
انت اول منحطة ,abusive
والله انت اكبر خنفوس ,abusive
مي شدياق انتهت صلاحيتك بين الرجال ما عاد الك منفعة هههههه خرسي بقا حطي إيدك البلاستيك ب,hate
يا كلب ابن الكلب انتو قتلتو رشيد كرامي,abusive
جبران باسيل عار على العرب ككل ماهو الا فرخ مجوسي أبتليت به الأمة العربية,hate
يقطع عمرك ما ابشعك ,abusive
هيدا بغل الجاهلية وئام وهاب فتنة مزروعة بالجبل الله يقبرو منعرف عنو ما بيعرف حمار ما بيعرف يقرا ,abusive
هي ميمونة مؤدبة بس انا مش مؤدب، دراسته العلمية يبرمها ويحطها في طيزه,abusive
تعا لدق راسي فيك يا حيط و بالنسبة للكلاب العونية احلى كلاب ع المزابل,hate
حزب الزباله و مؤيديه من بلد الزباله تفو عليكم و على الخنزير حسن زميره,hate
شو بدي قول إذا فيك دم روح فل من لبنان مكانك مش لبنان ياعميل بشار عفوا كلب بشار ,abusive
هذا الكلب نصر اللات ما مات اللهم أذقه عذاب الدنيا قبل الأخرة,abusive
صباط ورح تضل ,abusive
زطم مش بيئه؟ حتى كول هوا اشيك ,abusive
روح بلط البحر عند معلمك المجرم بشار ,abusive
كول هوا شقفة عميل و كلب وواطي وحقك فرنكين بسوق الغلا نسيت لما كنت تنام بالقرداحة ناطر بالدور ل…,abusive
ما احد يربط هالجحش,abusive
شوفي وجك انت كيف قبل يا بشعة هاهاها,abusive
اهااا فهمت عليك فرقت معك عل حرف واحد بين سوي و سوري قول هيدا حلمك انت و كتار متلك بس ما فشرت انت و يللي اكبر منك عماد اللو… ,abusive
بيت الدعارة مطرح منك ساكنة ، الجامع ألوا أحترام,abusive
يا ياسين الزلمه ما عندوه سيوله اخذت منوه بدوه حدا يسكت تمه بشوية مصار… ,normal
اخدت الحبة تبعت الهستيريا ؟خدا عجل لعمى شو هبيلة ,abusive
عاد حمار,abusive
ولا بسطة خضرا ,normal
الجزمة مكانه الحقيقي جبينك ,abusive
اللعنة علي قطر شعبا و حكومة و مقيمين ,hate
جبران باسيل صرمايتو بتسوى راسك,abusive
لما العاهرة تاضر بالعفة ,abusive
النازحين السوريين بكل وقاحة بيطلعوا يطالبوا الدولة اللبنانية,hate
كيلو بويا عوجك و مبيني ختيارة,abusive
يا علاء انت حمار ولا بتستحمر,abusive
ديما بحبك كتير وكلي خرا بعرفك بتحبي البهدلة♡,abusive
ضحك ع قرعتك المزروعة حتى الشعر المزروع ما استحملك من تقل دمك يا طبولة اضحكتني     ,abusive
بالنسبة الك بدك حبل واسطبل ,abusive
اذا بري راس الافعى الطائفية شو خليت لأسود القلب ولجبران باسيل طالعين نازلين المسحيين كذ…,hate
يجب تطهير المجتمع المسيحي من الجرثومة العونيه انهم كلاب الوطن,hate
شعب فاسد وانتم افسد ,hate
بس تطلب من ابناء العاهرة كلاب ايران ينسحبو من سوريا فورا للاجئين راح يرجعو لاتفكرهم مبسوطين…,hate
مش غريب يطلع من نيعك هيك كلام يا ريت بتسدو بشي خلده ,abusive
سد نيعك يا صرمايت بشار ,abusive
جبران باسيل معتوه,abusive
فارس سعيد كول هوا,abusive
كلين للتخسيس,normal
لعنك الله يا موريتاني ياقذر اصلا انت بلا شرف وماتربيت زي الناس يا جزمة الرجال ميت رحمه الله,hate
ولك الله انتو شعب بجم روح جبلي مصاري للشعب بعدين احكي ,hate
اصمت أيها الذبابة المريضة العقاب لوهاب وهاب قاتل ابو دياب ,abusive
يلا خراس ما في حدا بيحكي بطائفية غيركم عطيني شي تغريدة لحدا بالحركة عم يحكي بهالمنطق الطائفي,abusive
بس لو بتصلح ضابط سوي ل ضابط سوري يا طنبر الجاهلية يعق ,abusive
متشربين العنصرية لدرجة إنّو حتى لما بدهن يحكوا شي متطور وتقدمي بطلع رجعي وكريه,abusive
عندما يغرد القرد جبران باسيل,abusive
فيكن تتفلسفوا لتشبعوا,normal
هي التعليم ببلاش ولساتك حمار كيف لو كان بمصاري,abusive
لك تضرب شو ازعر يا خروف,abusive
وﷲ صاير مهزله هالمغرد ,abusive
السومه تاج راسك ي كلب,abusive
بدوا صرماية تسد نيعو وكثير عليه العمى شو واطي,abusive
أحقر جريدة بل الوجود,abusive
كول هوا عاساس مملكة الشر في محاسن ما هي اهوا مملكة ع وجه الارض من تخلف وذكورية وعنجهية وتطرف ودعشنة  م هالمملكة بأجري,hate
بشرفك خراس لأنو كلامك كلّو كذب وإذا زلمي نزال على مكتب المحاماة والد هودي الأشخاص وشوف الهويات,abusive
دميم الكلب ليس له مكان بين العرب اﻻشراف انه حثالة وأمير الشواذ والمخنثين ﻻ مرحبا به في أي مكان أو زمان… ,hate
و الناشطات ما طالبوا بالقاء الضوء على بلدكم الزباله,hate
من الخواجة ثناء وتقدير لسعدنا الثناء والتقدير فهو من أبرز الطلاب النجباء ,normal
صاير سئيل انتا ,abusive
صحيح انك واحد اهبل ما بتفهم ,abusive
الاجدب اهوه اسمه جبران باسيل الله يخلف على اللبنانيين ولبنانهم خير    ,abusive
كول هوا الله ياخدك,abusive
لقاء الأقزام المعتوهين ,hate
حداً يفقعو شوطة لا نديم مقطوش يجيبو بحضن صاحبو الصهيوني افيخاي بتل أبيب و يريحنا من وسخو طعمرك شو,abusive
السياسي الوِسِخ بعين جماعته حربوق,abusive
ام ركبه سودا خرسي يا كلبه غسب عنك تنبحي في منشني هههههههه,hate
الله ينصر المسلمين والعرب من داعم الارهاب المجرم تميم ,abusive
روحي جيبي شرفك من نظام الأسد يا عجوز,abusive
لازم يلغي هالنظام المعفن الكائفي الذي لا يستولد سوى طائفيين فاسدين عفنين ,abusive
روح ولاك تعلم تاريخ وادب بعدين تعال ناقش يا طائفي يا وهابي,hate
السيد الرئيس الكافر بشار الأسد يحتفل بعيد المولد النبوي الشريف القيادة الحكيمة منحبك,hate
العمى شو مثقفة في منك عبصل,abusive
كول هوا ياللبناني،،،، انفضحت الله يفضح كل الكلاب اللي مثلك,abusive
هذا واحد عميل كلب قاتل رشيد كرامي,abusive
لك ياصرمايي محدا سامعك لعمى شو طبل ,abusive
أيّ خطوة ستتبع لقاءات باريس في الساعات المقبلة,normal
هرب قد ما هوي جبان ,abusive
يا طبل دقت عليها نجاسة نشتكين الذي يقف بجانبك ,abusive
ولا ساقط اكبر من حجمو ,abusive
مهو كمان يلي بينتقد أردوغان وبيمدح ملكه هاد هو يلي جد بغل,abusive
وانت أبن شو يا لوطي رئيس حكومتك لبناني بأمتياز يحمل عدة جنسيات متل أكثرية نوابك لي بيحملوا كذا جنسية وما بتسترجي تجيب سيرتن ويا جاهل هيدي أكاديمية ولتصحيح نعتك بل الجاهل بعتذر من العصر الجاهلي لي ما أنجب متلك   ع فكرة الحريري والطائف,abusive
جبران باسيل أنت متعود على تأدية الأدوار القذرة؛ فلا غرابة,abusive
طيب ليك زحط معو انت كمان يا صرماية,abusive
هذا هو حزب المردة حمير وكلاب وخنازير,hate
انت اكبر مستفيد يا تاجر الدم ,abusive
بس حدا يقول مين هو هيدا النذل الطرطور يلي عمل هيك بامو تفه عليه شو واطي إلك يوم يا عاق واللهِ ولادك رح يكبوك كبة أوسخ من هيك وما تلاقي مين يلمك,abusive
لا تشتري الجنبلاطي الا والعصا معه انهم لانجاس مناكيد,hate
لسه بصرعوا طيزنا بدكن نصير متل العراق وليبيا يا حمير تجاوزناهن بأشواط  هلق لو نصير متل العراق وليبيا تحسن كبير جدا,abusive
شو عم تبع رسايل لجماعتك بقطع المي ياعديم الانسانية يافلاح يا ضيعجي ويا فلاح خود الفلسطنين يلي خايف عليهن ع قطر مو ناقصنا قرف بسوريا,hate
علاء خواجا أو اللواء عثمان تغريدات تدل على إفلاسك من المضمون وعلى غِناك من السخافة ,abusive
اجا غصبن عن أنوفكم واستقبلتوه ,normal
ذنب يحارب ذنب ما اخس من الكلب الا ذيله تجمعكم الخيانه والتبعيه ,abusive
مش ملاحظ حالك انك زدتها يا حيوان ,abusive
قداي بدك نمرة الضبان خبرني حتى شوف اذا في قياسك لانو صباط الاستاذ كبير بغطيك كلك فا بدك وحدي تجي عقياسك ,abusive
انت حمار يا مارتن ولا بتستحمر؟,abusive
انتي ما حدا دعسلك عا ديلك ,abusive
صدقت جبران باسيل مازال بالزبالة ولم ولن يخرج هو واعوانه,hate
كول هوا يا خنزير الخنازير الصهاينة نهايتهم للدعس تفه,abusive
بالرغم من صفاقة جبران باسيل وكلامه الثقيل الذي لا يمثل سياسة لبنان الرسمية ولا يمثل اكثرية الشعب اللبناني الا ان العتب…,abusive
ما انت وجريدة الاخبار كلاب تنبح الك عين تحكى يا قاتل الك عين تحكى وفار من العدالة اكيد اهل الجاهلية بقو… ,hate
الله يشفيك من عقدة النقص ع كل حال جبران باسيل عنوان النزاهة يا كذاب كذبك يا أيوب,abusive
ما سمعنا جعاركم مبارح على القصف الإسرائيلي يلي اغتصب سماء سوريا ، نباح و عويل جيش ابو شحاطة وصل لقبرص,hate
انت شو خصك بالحجاب بدك تمشي عارية انت حرة بس ما تحاولي تقنعي العالم بوجهة نظرك بكفي عهر هوا الحريه,abusive
قصدك البغل جبران باسيل؟؟؟,abusive
على أساس انت شخصية العصر لك مين قاريك يا قباري الناس بعفويتها رحبت بقطر لا اهلا ولا سهلا فيك ,abusive
هذا وتوه ماعطينهم مليون عطاهم الله سقم ولسه بكره بيرجعون يردحون ويسبون عمر  ماينعدل ,abusive
مع احترامي لكثير من اللبنانييين لا أستطيع ان اقول الا ان جبران باسيل مجرد حمار معبى بطقم وكرافة فهو,abusive
اي سد نيعك ابو صواووووووويخ جاري دعسك ,abusive
انت لازم يقصولك لسانك قبل ان تدمر نفسك   ,abusive
كل واحد درزي عايش و عمبيشتغل بقطر يلا لبرا ما بدنا ياه لنشوف اذا فيك تتحمل مسؤوليتون يا وئام ,hate
شو بدك بأسمي أحترمي حالك وأحترمي ديننا الشريف وتوقفي عن الكذب وقلب الحقائق والتغطيه على من ن… ,abusive
شيت او ماي جاد فاك ماي لايف كول هوا تلحس طيزي,abusive
قال الفصعون بدو يفطر بالقدس لك يا عمو خلينا نفطر ب حلب بالاول بعدين نتحاكى,abusive
قوم شخ على قبر القائد الخالد بلا مؤاخزة,abusive
كل كلاب ال سعود مكانهم قفص القرود ,hate
كول هوا اختك شو كذاب وابن حرام وابن زنى أربعين سنة وأنتم حاميين اسرائيل وهلق عّم تتوعد بضرب تل ابيب شو هالنفاق,abusive
لو كنت سوري يمكن كنا عذرناك بس انك تكون اعرابي وجاي تاكل هوا هون بحط البوط بتمك ولاك,hate
مي شيدياق ناحسة سما هالحكومة يا جماعة غيروها بركي بيمشي الحال,hate
الضاحية الجنوبية بلبنان نفس القرداحة بسوريا المنطقتين بدهن حرق على الزبالة اللي صدروها للعالم,hate
كول هوا عاد يازلمة اقل شي الناس هناك عايشة بكرامة,abusive
تعرف شو مشكتنا بلبنان انو انت ومعلمينك الكن محل تحكو وتعبرو عن حقدكن وكرهكن لحالكن بزق عحالك لانو ما الي مروه بزق عليك,abusive
كان الحرباي يدافع عن بشار اكتر من وهاب ,abusive
انت ناقص تحط تسعيرة على كلامك انت مأجور حاج تحكي و تورجينا انك فهيم انت ماجور و سعرك رخيص ,abusive
يس الله بلاهن بحكومة خرى,abusive
مشتهي اضربو كف و قلوانا بكرهك بكرهك بكرهك,abusive
ايه كولي خرا,abusive
أمريكا ما لازم تكون شرطي العالم طيب ما تاكل خرى وتروح انت تقرأ تاريخ إي أمريكا عملت بلاوي بس هياته العالم يلي أمريكا ما عملت شرطي فيه الأسد قتل ألف بني آدم وبأسلحة محرمة دولياً وهجر حرفياً نص شعبه وبيعمل ترانسفير طائفي هيك أحسن مين بدك شرطي بدال أمريكا بوتين,abusive
جبران باسيل و الحفّاظة وجهان لفائدة واحدة,abusive
يا بغل يا إرهابي يا عميل كل ما يهمك انت هو المال فقط اي انقبر اللعنة عليك,abusive
اذا هو مجرم انت شو بشرفك اصلا لو عنا دولة متل الخلق والعالم كنت هلق يا بالحبس  يا مجنس سوري,hate
قناة ال ام تي في بتسوى صرماية هية واصحابها والي داعمينها السعودية وبيت الحريري اشرف منكم يا كلاب,abusive
لعما شو واطي ولوووو انت بشك انك درزي ابصر ما بحط بدمتي انت نذل و القناة يلي ملفيتك انذل صرماية وليد بيك عراصك يا حشرة,abusive
ولك انت ومعلمينك شو مستواكم يا رخاص انقبر اطلع من الصفحة ,abusive
طب يلا خراس و حل عنا يا بضاعة,abusive
انت ليش بين فاصلة ونقطة بتدحشي المقاومة بكلامك بكفيك حقد اسود وبخ سم عليها شو المقاومة لحاكمة البلد احكي مع احبابك حمار خليهن يغيرو القوانين والأنظمة بعدين احكي,abusive
يا ريت هالغشيم بس يشوف الكومنتس العمى ما اسطلو ,abusive
من كتر المغتربين العزابية شرواك,normal
التنين نفس الخريه      ,abusive
وبشر الصابرين بالفرج ,normal
افي بغل وانت بيك جنباط موجودين انتو بغال بجدارة وانتو ملوك الفتنة وبيك كلب اصلي اميركي يا هلا ,hate
ريتها سليلتك يلي طالع منها جحش متلك تروح روحة بلا رجعة الله يرمل حريمك يا ابن الكلب واحد جحش ابن جحش و جحشة روح انقبر,abusive
هلق اذا انت واخواتك حمير في بيوت ولادها شاطرين ما تعممي تجربتك على الغير ,abusive
تيتا النحس ام البوتكس والشد والنفخ العمى ما بتستحي عا كبرتك وشيبتك ولك,abusive
رفيق لطف شبيح درجة أولى لبشار وزمرته  ورئيس قناة الكوثر الطائفية ومحلل سياسي حقير  ومذيع معتوه وغباء بحجم الكون,abusive
الإرهاب السعودي إلى مزابل التاريخ وكل مين بشد على مشدها السؤال لماذا هذا الإستهتار ويجب على سوريا… ,hate
كول هوا لك ياغبي,abusive
ما لقيت ولا تعليق بقول انك سوي والي مش سوي عندك هو عند كل العالم سوي يعني انت الأهبل ولا واحد علق بصفك  ,abusive
روح لطوم راسك بالحيط و عيط ما شفت اوسخ من كلاب حركة امل من كبير العيلة و نزول,hate
ستموت بحسرة الخواجه ولن يعطيك شرف التحدث معه وابتزازه ايها الازعر السفيه ضبضب ,abusive
جيش ابو شحاطة الاثدي والجيش الروسي القذر وجهان لصرماية واحده اما القاذورات التي تعلق باسفلها فهي حتما تمثل حالش وايران,hate
رئيس الشيشان الكلب,hate
العمى ما توقعت في ناس بهالجحاشة أمريكا وبريطانيا وفرنسا تلت أعضاء دائمين بمجلس الأمن طلعوا التلاتة عملاء للمملكة البربرية,abusive
يا ريت حركة أمل وبري بردوا عا كلاب المستقبل أمثال القرد علوش وغيره اد ربع ربع ما بردوا عا جميل السيد,hate
الله يخزيك يا شيخ,abusive
قوم رجاع على حضن الوطن و دافع عن السيد الرئيس الدكتور المهندس الرائد الركن المظلي الفارس الذهبي يا انبطاحي لك قوم,abusive
عقصة غدر هيدا العهر وناموس يطعن بالضهر حك بصبر بس القهر انك ما تعرف كيف هربِت من الشباك,abusive
عاد فهم هيك جحش انه لا انا ضد اسرائيل وكل شي بتعمله بس لما نظامك المجرم رح يدبح ناس لانه انقذوا ضحاياه ووثقوا جرايمه فليكن انقاذهم على يد الجن الأزرق، طبعا عبث لان هيك بغل بشري بيدعم بشار الاسد,abusive
مش حق عليك والله لأنك حمار ما بينعتب عليك بس حق على البيك الخلّاك توصل و سمّعنا صوتك الزبالة على كل حال بسيطة جاييك يوم يا بلا شرف ما بحياتك رح تعلا عن صبّاتو وبس يسير في ضربة كف رح تركض تحتمي في يا جبان يا مرت ولك تفو تفو تفو,abusive
كول هوا وخلينا بموضوع الغنمات  رجعت حلب ولا لسا,abusive
معلمي ما عند معلم وولا واحد منهم بيعنيني بس العاهرة يلي انت دافعت عنو بكفي انوا جبان ومتخ… ,abusive
ماحدا بدو محاكمة ومشنقة غيرك ,abusive
مستحيل يكون في اوسخ وانجس منك بالكون يا ديوث ,abusive
مش عيب تخبرنا شو بتقلك امك عنك لعمى كل هودي انت يلا ولا صرصور انقبر,abusive
كول هوا وسد بوزك معلمك لجاسوس لمجرم بدو شد شعر لشايب,abusive
وانا اتمنى يا وهاب الكلب عدم توجيه كلامك الى معلمك وليد بيك الأنو الكلاب لي متلك ما بتح… ,abusive
أين المحاسبة النيابية,normal
اول مرة بشوف وحد مطلوب للقضاء و هلقد وقح ,abusive
انت و مرجعك الكبير و صرمايتي سوا ,abusive
مبين ادي انت معفن ووسخ نظف حالك ولسانك افضل من انك تنشر وساختك عند النظاف   ,abusive
كل تبن ,abusive
انا بقدر اوقف بوج جبران باسيل وقلو انت شيطان وقرد,abusive
مكتوب على الشعب السعودي الجحشنة ومصرّين تضلو حمير يعني,hate
نقبر الله يشلك,abusive
كول هوا,abusive
ستين عمرن ليجو طز بهيك روئساء عرب,abusive
خراس يلعنلك هالرأس واحد حمار دب حيوان,abusive
ياخوان والله مو عنصريه بس أكره السوريين والفلسطينين كره ما يعلم فيه إلا الله,hate
اديش بتاخد عالتويت ,normal
طعمرك بس لانه ما عم يرميلك عضمة لتمصها مقهور منه ,abusive
نحتاج الى مكنسه تكنسك انت وكل محور المماتعه وتكبكم بمزبلة التاريخ ,abusive
خسئت لبنان وكل الدول اللتي تدعم نظام الفسد لعنة الله عليهم,hate
ما حدا باعصك الا اللواء   ,abusive
وانت يا محترمة وقت انخطف كان رئيس حكومتك مش رئيس الطائفة السنية وما هتميتي حضرتك ويمكن شمتي ولي نزلوا يحتجوا نزلوا للتعبير عن الغضب لي دق بل العرض والشخصي وان شاء الله ما حدا شي يوم يهينك بل العرض او الشخصي,abusive
اصلا كل البنات جاهلات,hate
الله يلعن صباحك ,abusive
انت اوسخ من العاهرات و كل عاهرات العالم اشرف واطهر منك    ,abusive
لازم يشيلو من هالدولة عم يعطينا هوا نجس كلو جراثيم ,abusive
و وحدة هبيلة بتزقفلن و بترقصلن   ,abusive
شو ضعيف وشو مقهور ومش قادر تعمل شيطز فيكم كلكن كلكن بتصبوا بخانة الكذب والنفاق بتدعسوا عا الناس لمصالحهم وفسادكم ,abusive
ولك روخ انضب يا خاين شوف مين كان مجتمع معهم اتتو وحلفائكم,abusive
سحسوح ع رقبتك انتي ومعلمينك أوباش,abusive
يا اخي نقطنا بسكوتك جسمك اخد على البهدله ما بقى تفرق معك ,abusive
دير الصليب للبشر هيدا الوسخ المقرف البشع الطبل الاهبل العميل ما بعرف من اي فصيلة ,abusive
لأنك طول عمرك غبية ههههه,abusive
كان بدري عّم يقبض حق تغريدته مبارح ضد قطر   ,abusive
قوم فوت نام ,normal
مهم انت تقول مين نسمي أهم شي و وين بحب قلك وجودك متل قلتك احترم حالك كرمال ما تضحك عليك الشعب ,abusive
انت خراس,abusive
هيك نكاية فيك بهلول  استاذ فلسفة قال ما ناغص عيونكم إلا جبران باسيل موتوا قهر,abusive
يا واطي يا كلب حذاء هاؤلاء الابطال اطهر  منك حزب الله شرفك عرضك كرامتك يلي بلى كرامي,abusive
الاخبار جريدة بخلفية حزب البعص فخليك انت وابراهيم الأمين عايشيين مبعوصيين انت انسان نكرة ,hate
لو في دولة لازم انت يا كلب ما تطلع من السجن ,abusive
وهجرت مليون ارهابي قذر مع عائلتهم وقتلت من قتلت وبقي القذر المجرم ,abusive
انت صنفتو بخانة الخيانة وهيدا رد على ردك ومش كل الادوية فعالة وان شاء الله الكل بيفتخر بشهادة الحريري,abusive
هذا ردي له نعم انا سعودي    وكلي فخر راسي فوق أنتم ما قهركم وداعس على روس… ,abusive
ثقل فراغها وخفة وجودها، اهنيء من كتب لك هذه الكلمات رومانسي الاخ،,normal
انتو وياه بفرد لباس,abusive
كيف تستقبلون هالشي وهذي علومه ادري انت احقر منه يا وئام الكلب ياذنب بشار وحسن خرا      لكن للامانه ي… ,abusive
و عندك هيدا الخرى يللي مستعد يبيع نفسو حتى للشيطان مش بس لأمريكا,abusive
كول هوا نحن مامنشتغل عند كلبك بشار,abusive
دخلك مش اسيادك يلي قتلو الشهيد وسام الحسن دخلك مش كنتو تسبو في طالع نازل خراس يا منافق دم زلمتك برقبتك,abusive
الحين صار إسمه مدعوس باسيل,abusive
نتبه لوضعك لكان ما يطرتشك       ,normal
هلق انت شو بس برميل خرا او برميل زبالة او برميل منفوخ هوا من نكزة بتبج    على كل حال تلات براميل منكبهن بالمزبلة ,abusive
على أساس انو انت من داعمين السلم والسلام في المنطقة   انت واحد واطي بتدعم واحد أوطى منك,abusive
كثروا المنافقين اصحاب المصالح   هاذا اكبر كلب لأيران في لبنان ، تابع هالفديوا وتعرف هالمرتزق ,abusive
وحمرنتك,abusive
خذ حياتي يا الهي,normal
هو كلب وانت كلب اكثر منه وبن زايد سيد الكلاب وزايد كبيركم ,abusive
طز بهيك وطن وطز باللي بده يرجعله,hate
مات كلب في المدينة فأسترحنا من عوواه خلف ألملعون جروا فاق في ألنبح أباه,normal
لن ارد عليك يا ابن المتعه يا لطام النعال ليس لاني اكرهك واكره دينك  فقط انا احتقركم,hate
كلكم منافقين هلق تجي قطر تعطيكم كم دولار بتصيروا كلكم تركعوا لتميم قرطة نصابين ,abusive
والبلطجي جبران باسيل المال لمعه حلال ولله حراميا شيخة,abusive
ما في غيرو الفتنة مأجور حقو فرك ليعمل فتنة وهاب البرميل ,abusive
كول هوا يازلمة,abusive
حافظ درسك يا ارهابي انتم نكسة في تاريخ لبنان سينجلي الليل قريبا,abusive
لعنه الله عليك ي شيعي ي حقير ي واطي يابن ست وستين كلب,hate
ابوجهل عم الرسول يا حمااااااار يا مثقف يقطع عمرك روح إلغي صفحتك ولاعاد تشهنق يا بهيم لاني فعلا هزلت,abusive
وهل انت لبناني ومن خولك من اللبنانيين ان تتحدث في امورهم اين صرامي اللبنانيين اللي تعلم ع وشك   ,abusive
وئام وهاب كلب يحركة رائحة الدسم من المال لاعقيدة ولاعروبه وابعد مايكون عن الرجوله والشرف ,abusive
كول هوا انت الثاني,abusive
انت مش فلسطيني اصلا ف روح امقبر حالك يا حيوان,abusive
معرفي قطر كل عمرى داعمي الارهاب لا بد من قطع يدهم ,hate
الله يقطعلك عمرك كلب ابن كلب تفو عليك,abusive
اكيد اكيد اكيد هذا ما بيتكلم من تمو واكيد فهمنا ولك تفووووو عليك يا شيطان ,abusive
شو بترد على واطي وحقير مثلك جبان بلا اخلاق تفو يلعن ابو اصلك,abusive
انت متهم اول لانك اكبر سرمايه عربيه ,abusive
ليش غيرانه يا ام ركبه سودا,hate
شي بيهوي,abusive
مناوي تهاجر    ,normal
كل مرة بكتشف نوع من الجحشنة فيك يا نديم قطيش,abusive
ما خصك ما دخلك افرنقع        ,abusive
فاشل ومتخلف شوف بلدك ياغبي لكن تضل تابع وذنب لحزب الشيطان وهوا الي فشلك بالانتخابات ياغبي    ,hate
اسكت انت والراقصة السياسية جنبلاط تبعك,abusive
خدلك نصيحة خدلك نصيحة عنا الحلبية كلون شبيحة,hate
اخرس ياعدو لبنان ,abusive
مجرم ارهابي ينادوه بي اميرها وهو انجق صوص يملك المال الحرام وكل افعاله رمي الفتن والقتل والتخريب الى زوال قريبا ,abusive
يلعن ابوكن شبيحة تفو عليكن وعلى الجحش بشار والجحش حسن زميرة,hate
تشرشحت بمعرفتك,normal
يتكون بلا شرف اذا ما بتحلقون راح زمانك يا زمك,abusive
عن ايا لبنان عم تحكي ، انت عم بتقول منستحي فيكن يا خرا حشا الخرا منكن ،هيدا حكيك ، كرمال هيك رديت عليك,abusive
للأمانة ينتابني شعور بالتقيىء والقرف عندما يأتي أسمكم على مخيلتي معالي الوزير خصوصا عندما استذكر اللغة… ,abusive
تخيل قديش لبنان زبالة اذا وش السحارة تبعه جيسيكا عازار,hate
يلعن صباحك وجه الشؤم ,abusive
الرد المناسب في المكان المناسب فهمت يا وئام وهاب الكذاب ,abusive
البوطي شاف باسل الأسد يطير في الجنة مع الأنبياء والمرسلين ونوال السعداوي شافت هيلاري كلنتون بتوزع دولارات على متظاهري التحرير…,normal
الله اكبر ع كل كلب بيكره وليد بيك بدنا نقصفلو رقبتوا,abusive
يا زلمي لي ما عم تفهموليد بيك زعيم الجبل الاول والاوحد حطا بدينتك ,abusive
الاهم انو ما اعطانا حقارة ولؤم وخساسة وجع يخلع نيعك ,abusive
مين هالحشرة ليرسل وفد هههههههه بجد مجانين انه بأخبار العاشرة بكاراكاس هذا و قد زار وفد م  ,abusive
انا كنت جرب احكي انو لبنان و نحن ولازم وحدة وطنية اي شي بيهوي من هيك شعب عميل للعدو الصهيوني و بكل وقاحة بدن يتجرأو على رناجرنا الي اطهر منهم ومن اذعمائهم نشالله رح يجي ليوم ويعرفو انهم لا شيئ فقط ذباب لا اكثر,hate
انت بدك طبيب نفسي ,abusive
عربي سني اي فشرت تكون سني انتا وهابي قذر,hate
طز فيك و باللقاء تبعكن لقاء الأوباش و قطاع الطرق إن دعوت شيخ عقل الإقطاع الارسلاني هو تدخل بشؤون طائفة الم… ,abusive
ولاك انت مسيحي شو لويش حاشر منخارك بين المسلمين,hate
دمدوم كم مرة صرت مفهمك معاش تستحمري صايرة متل شحاطة الاصبع ما بينضهر فيكي,abusive
جنسهم جبران باسيل وقبص اللي فيه النصيب لك يلعن هيك سياسيين واطيين,hate
شاوري معلمك طنبر الجاهلية بالأول قبل ما تغيرييها بلكي ألو رأي تاني أو مثل عادته بيستعين بصديق حبيت ,abusive
ههههههه على فكرة بس اقرأي رد وليد بيك منيح حاجة تتحمرني,abusive
هاي يا غلن؟إي إنت أول شي ضحكة بقرة معلوفة بمعمل مرتدلة تاني شي يا شريف مكة إنت مع إنو مكة أشرف منك جماعتك شو قدموا ,abusive
