وحاج حكي مثاليات وامه ومابعرف شو ،اخر هم عندكم الوطن والامن بس تسجيل مواقف ومصالح روحوا عملو بلد ،عملو… ,normal
قال جبران باسيل انو أمير قطر كسر الحصار على قطر و إجا شارك بالقمة    ♀    ♀    ♀    ♀ ,normal
صدقت ياصوت لبنان الحر العابق بالنضال والوطنية المحترم وهاب قطب فاعل ونقي من الدروز الشرفا ,normal
متابعةً لزيارة الوزير جبران باسيل الى وارسو، عقدنا هذا الصباح إجتماع عمل بمعية مدير عام وزارة الزراعة أ لويس لحود وحضور السفير…,normal
عودة المياه إلى مجاريرها بين سوريا و الإمارات,normal
هي بتنطبق عليك وزير الصدفه ,normal
نحن نفتخر بسماحة الشيخ نصر الدين الغريب شيخ عقل طائفة الموحدين الدروز صاحب الأيادي البيضاء ونعتز به كممثل,normal
وانت من اين لك هذا ع بنا ابوك معتر مساعد قاعد عم تطلع بشكلات الناس من وين الك كل هالاملاك والمصاري  ,normal
رائع جدا جدا هذا مثل ,normal
نجحنا بقوتنا شكراً فخامة الرئيس ومعالي الوزير جبران باسيل,normal
هذا هو النهج الصحيح ,normal
جبران باسيل مسيحي خيب ظن أبناء دينه وجلدته من المسيحيين اللبنانيين بجميع طوائف المسيحيه,normal
عندما يصبح جبران باسيل رجل دولة ووزير خارجية هذا يعني أننا في اسوأ حالاتنا   زمن التبعية والتعطيل,normal
هو وغيره من العملاء ممن يسمون انفسهم زعماء للعرب هم عملاء لدى الصهيوني والامريكي كفانا قرف اسمه زعماء ,normal
محاسبة لمشنوق  لعماد عثمان عصفور كفل زرزور والتنين طيارين,normal
يحق لهم ما يحق لغيرهم ,normal
بريطانيا ومعها توجهات مرتبة بأوروبا متحمضة من روسيا من بعد قصة سكريبال ترامب انسحب من الاتفاق النووي ومتحمض لإيران وممكن يلاقي دعم لأي عملية أو مقاطعة ضدها بعد ما حل مشكلة كوريا فعلياً محور المقاومة بالرغم من انتصاراته العسكرية وضعه السياس,normal
يا تعتيري  ,normal
لو في دولة اصلا كانوا زجوك الك بالسجن فورا ,normal
يا ولاد الهابلة,abusive
هههه قلن هيك لاصحابك هني عم بقسموها على حالن الحمدالله ما دخلنا بهالقمة يلي طلعت بالاخر كلها كرمال وديع ,normal
ما احمرك ياشلاش الخنزير,abusive
ما حدا بيسترجي يحكي معي هالحكي,normal
ولكن الجواهري الكبير قال سلاما ايها الاسد سلمت ويسلم البلد وتسلم امه فخرت بانك فخر من تلد ,normal
نحنا جماعه ديلفيري م منفهم نترجم كلام المثقفين امثال جبران باسيل اوك,normal
معقولة وصل بهم السفه لهذه الدرجة    ,normal
كل الناس سامعة و قاشعة ما تخمن حالك محجوب عن الرؤية ,normal
وهلق شو هلق صار ضروري يسمع ويعرف جبران باسيل انوا التلت المعطل ما بيشوفوا غير بالاحلام,normal
شكرا أستاذ وهاب دمشق رائعه وشاعرنا النواب ذلك الرائع الجميل وتحية لك ذكرتنا بهم ايها الرائع الجميل شكرا ,normal
و نزار قباني كتب ايضا عن دمشق و هرب منها الى بيروت خوفا من حافظ الأسد فاغتالوا زوجته و كان هو المستهدف,normal
يريد إعمار سوريا والزبالة تطمره في بيروت,normal
التصريح بغض النظر عن فداحته لكم الغباء الذي يحويه فهو يلخص واقع الموارنة المتقهقر منذ نشوء لبنان الكبيرالتصرف على اساس انهم,normal
البيوت الحمرا بل المرجة ، والجامع اشرف وأطهر منك,normal
مين قال جريدة الاخبار هههههننن ,normal
مسمة مش بانتقاد الموقف بالعكس انتقدوا خيي بس بلا شخصي متل ما انتوا دولة ال,normal
رد يا وئام ,normal
من يومهن الشيعة كيوت و اوبن مايندد,normal
يا ريت بيمنعوا الأرغيلة بلبنان، لأن غير هيك ما منعمل ثورة ,normal
والله يا أخي البلد ما بقي منو غير العظم الله يرحم ايام السنيوره طلع اشطر الشيخ ,normal
شكرا لصباط امير قطر ,normal
صباح الابتسامة ,normal
كبير يا معالي الوزير الملك جبران باسيل,normal
شهم ,normal
كذبك يا أيوب بكفي كذب وافتراء بحق جبران باسيل,normal
اكدت المجاهدة فيرا يمين ب انها لم ولن تغار من لقاء جبران باسيل ب وليد المعلم والحب لا يستمر من دون إهتمام,normal
يا ريت عدنا احد في البحرين بيصدح بصوت الحق مثلك تحياتي يا أسد الجبل ,normal
بس يا غالية الوعد الصادق لحاله ما بجيب رئيس جمهورية ولا رئيس وزراء ،,normal
لا يوجد ثوابت يوجد مصالح أنت عراقي وتعيش في أمريكا من أجل مصلحتك فما بالك بدول ,normal
عم بتخيل أشكال الأبواق الجبانة وهي تسمع ماذا يقول نصرالله عن فخامة الرئيس وعن جبران باسيل والله زعلانة عليكم,normal
وافسم بالله انك كبير المنافقين هي قطر اللي دمرت سوريا و السعوديه بتعمل ايه بالوطن العربي بالله عليك كم  ,normal
قال احد اسباب الثلث الضامن يلي بدو يحصل عليه التيار الوطني الحر كرمال حق المسيحي يشرب كحول بالمناطق الاسلامية ♥ ,normal
دخلِك يا زميلتي ، مش حضرته لرفض يسلّم حاله للدولة ؟ وتوفي شاب فداه؟ ,normal
زمن التبعية والتعطيل،يتجسد في سياسة جبران باسيل,normal
كلامك على حق دائماالله يحميك ,normal
يللا املنا كبير ع يد سموه تنفصل الحجاز وتهامة عن نجد,normal
تماماً ولما يشاركوا نفس القناعات بالاخر بيكون الواحد عم يثبت صحة آراءه وبالتالي عم ي حاله,normal
عماد عثمان رمز الفساد وكل مين عم يشد عاايدوا ,normal
بالفيديو نصرالله عن باسيل علاقة مميزة وفي صداقة وصدقية وإحترام وتسريبات ويكيليكس هامة إلي اللي عزز هيدي الصداقة,normal
فخر لطائفتنا وعزتها رجل التواضع والكرم والوعد الصادق  مناشدا باحقاق الحق والعدل ويا ليت المسؤولين في  ,normal
انت كبير وهني صغار ,normal
و صباح الإستيييذ الشريف الوحيد و الأصلي ,normal
رفيقة هيدي ثقافتن ولازم نرد علين بحسب ثقافتن وأخلاقن ,normal
هون معاليك عم تتحدث باسم ايران وسوريا والمقاومة وووووووو ,normal
جبران باسيل زمن التبعية والتعطيل,normal
شعب إذا ضرب الحذاء برأسه صرخ الحذاء ما ذنبي اضربو كما تكونوا يولا عليكم الله يخليلنا امراء الحرب ,normal
في أحلى من انك لما تعرف انو حياتك رح تكون جحيم مع وحدة  تجي تقلك بدنا نترك,normal
انو طلعت صرخت الشعب اللبناني كله و قاعدين بلا شغل و تسكرت محلاتهم بسبب النازحين هلق اذا جبران,normal
جبران باسيل مهضوم كتير قال بدو يعمر سوريا و هوي ببلدو لبنان مش قادر يعمر مجرور,normal
كان لازم ينتظر جبران باسيل ياخده معه يساهم بأعادة اعمار سوريا,normal
هلق رجع لمن قلو الريس تبعو هش قلو مشمو على عيني ؟ ,normal
فيكن تمرقوا ع جسر الكولا بس جرّبوا ما تنطنطوا عليه,normal
صدقت يناسبك جدا جدا ,normal
ماشفت احد يحب جبران باسيل الا جمهور التيار ، اتفق العرب واللبنانيين على كراهية باسيل  ,normal
عيب الكذب كن صادقاً ولو مرة واحده ,normal
وطننا يحتاج الى مسؤولين جدد ,normal
قطر لها سياستها و حساباتها و كن اكيد انه لم يكن ليدعس في لبنان لولا خلافه مع السعودية و علاقته الجيدة ,normal
دبي رزقها الله ب محمد بن راشد عمل على تنميتها وإدارتها كأحسن ما تكون التنمية والإدارة زرتها قبل س… ,normal
انبح ياكلب        ,abusive
انتي غيرانه فسري منيح شو قال إذا منك معلمه انجليزي بلاكي وبلا اعلامك,normal
شو ه النشاط هاد يا حج ,normal
ليه في دولة أصلا غير على الفقير والضعيف  وكانت نتيجته احمد الله يرحمه ,normal
لا تندهي ما في حدا ,normal
كانت بايخة و ما كتير ناجحة لان ما جبتو سيرة الوزير جبران باسيل شي مرة,normal
تحية لفخامة رئيس الجمهورية ولسماحة شيخ عقل طائفة الموحدين الدروز ,normal
بالأذن من وليد بك الصيت لحضرتك والفعل لغيرك بخصوص تقلب المواقف السياسية مش عم نستطيع نلحق على تقلب مواقف الوزير جبران باسيل,normal
منوزع شرف عالكل جبران باسيل التيار الوطني الحر,normal
لا وطن بحاجة لنا ولا حاجة لنا لوطن ,normal
هههه هاي قمة عربية لمساعدة دول الخليج كل عمرو هيك لبنان و رح يضل هيك يا قائد دمت لنا صوت الحق ,normal
لو في قضاء نزيه وما في سلاح متفلت كنت انتي وأشكالك وراء القضبان,normal
مياوم شخص بيشتغل كل يوم ضد جبران باسيل,normal
كذبك يا أيوب,normal
دمشق كانت وسوف تبقى عاصمة الامة ,normal
دعلي، انت مدان باعتذار شديد للشعب الخليجي عامة وشعب المملكة والإمارات بشكل خاصمن أين اتيت… ,normal
لك سيدي الله ياخذه مو مشكلة المشكلة بالجني الداشر العم يكتملي هالحسابات دون ادنى درجة من درجات الادب و اللباقة,normal
والله ما فهم لقطر غيرك يا معالي الوزير تقبل حبي وتقديري   ,normal
مش لمظفر النواب هي يا فهيم  هي لفادي عزام  اذا بيعرف انك سارقها بغباوة بينجلط اساسا هو بهي القصيدة,normal
لا تجازي لك رب يجازي يطويل عمرك معاليك ,normal
مع التحية إلى جبران باسيل والمهرولون العرب,normal
الحق يقال القمة قمة جبران باسيل وبس رجل كل المراحل رجل اكبر من القمة ومن حضر,normal
غيرو الدستور وشوف إذا بكون طائفي بعطيك يلي بدك ياه على فكرة إعادة المسحين مش خطأ للبنان وهذا,normal
لا جدوى من السدود، ودراسات عدة اثبتت من سنوات ان السدود مضرّة وخسارة مالية فادحة ومع هذا تباهى وزير الخارجية والنائب…,normal
عثمان للمحاكمة لا محال ,normal
تجلس المواطنين ع خازوق من قياس …,normal
السوريون استضافوا لبنانيين عشرات السنين هربا من الحرب الأهلية بلبنان ولم يمننوا ذلك عليكم,normal
عاجل جبران باسيل نخص بالشكر أمير قطر الذي كسر الحصار المفروض على بلاده ووصل إلى بيروت,normal
يجب محاسبة كل من زرع الفتن وتاجر بالدين وسيحاسب المسلمين كل من يشوه سمعة الإسلام بتصرفاته المشينة ,normal
لا احد يتقن التخريب وانت موجود يا انت ,normal
هاد فعلا حسابه,normal
 جبران باسيل بدو يعلّم لندن و واشنطن كيفية إدارة بلد من دون موازنة,normal
الحاصباني باعتراف من يقدر عمل الوزراء هوي من افضلهمانت معيار تقييمك للناس بتقيسو بوزير متل سيزار بو خل…,normal
واذا سجنوه بيتعامل معاملة الملوك ,normal
وطننا يحتاج إلى شعب جديد ,normal
هل انتِ شاذة كي تدافعي عن هؤلاء المنحرفين,abusive
قد ما صايرة الأمور خبيصة بهالترندات أوقات بفوت وإقرا شي نص ساعة تا إفهم مين علقان مع مين وعشو علقانين هههه وفزرة,normal
من يستحقها ، الاقوى في بيئته اعتقد واجزم أن جبران باسيل سيكون الاقوى من ناحية التمثيل النيابي,normal
وئام بيعطي شهادات بالفساد العقاب لوهاب وهاب قاتل ابو دياب ,normal
كم تعداد الجيش الاردني؟,normal
هذه التجربة التي اعتبرتها خطوة جيدة شو وضع هول الشخصين اللي صاروا كتاب عدل وهني دون السن القانونية بعمر… ,normal
ميل ياغزيل ويا غزيل ميل حكيم زمانك هههه يا وئام ,normal
جبران باسيل هدد إسرائيل بأمنها وقال إذا كانت إسرائيل تريد حقاً أن تضمن أمنها وهذا من حقها، اذاً عليها أن تتوقف عن الاعتداء…,normal
بدك تقنعني انو النسوان بلا مكياج مش متل الطناجر,normal
كذبك يا أيوب بدو علاج جبران باسيل,normal
ليش ما قاهركن الا الوزير جبران باسيل لو بتفكوا شوي عن سماه منا وجر,normal
كم نحتاج لشرفاء أمثالك حتى يكون لهذا الوطن عز وأمان ,normal
خبر موت شخص من حركة امل و اشخاص مردة و أشخاص ما الن علاقة بس بيكرهو جبران باسيل بعد كلام السيد نصرالله يكسر الص…,normal
يعني ةلمسيحي ما بيتعاطا مخدرات و ما بيتاجر لكن ابن مستشار جبران باسيل يلي نكمش و طلع بواسطة من الوزير كا…,normal
جبران باسيل ب سنين ما جاب كهربا,normal
لبنان لا تخسروه لكي لا تخسروا عروبتكم,normal
تلات رؤسا متقاسمين الصلاحيّات، أكبرهم سنّا ميشال عون ما بيتدخّل بشي بس بذات الوقت توقيعو أساسي لنفا…,normal
و انت منك سياسي؟ وانت لوما جمهورك شلعوطين و نص كنت نجحت     ,normal
نحتاج الى رؤيويين جداد ,normal
التاريخ بيتذكر رجال لهم قراراتهم كلمتهم تبقى لأجيال وأجيال عندهم خط سياسي واحد ما بزيحوا عنه أصحاب رؤيا,normal
وطن يحتاج الى شعب جديد، لانو البشر بتروح وبتجي بس الارض والوطن باقي رغم فساد القوم يلي حاكم فيه هلاء ,normal
ما تبيّن كأنك مأجور مفضوحة صارت الخبرية سورية تشهد أعنف قصف من العدو الصهيوني و انت حاطط راسك بقطر ,normal
صار يرسل وفود ابن الجاهلية بس مين سامع بإسمه بفنزويلا   ,normal
هجوم قوي من وهاب لا تدفع إلا للشر ,normal
كل ما استمتع بسرعة بديهة زميلتي ناديا بساط ببرنامجا مين بيعرف بتزيد عندي القناعة انو هي والبرنامج خلقوا لبعض برافو,normal
عقبال ما نشوف الدولة لافة حبل المشنقة عليك ,normal
الله يمهل ولا يهمل ,normal
هلق لما طلعوا السوريين ضد النظام كانوا كلون ارهابيين ومدفوعين من الخارج وما في واحد منون مدني بريء، بس لما غيرون بيعمل نفس الشي بيكون بطل وعم يواجه الفساد الخ، السؤال ليش؟,normal
اسرائيل ترد على جبران باسيل حديثه لل سي ان ان عن حق اسرائيل هو كلام من باب تمسيح الجوخ وتبيض الطناجر ليصل الى رئاسة الجمهورية,normal
وكله بكياسه يا ولاد الكلب,abusive
لقد احتكمت الى القضاء يا أستاذ وهاب بخصوص حادثة الجاهلية اعتقد انه يجب عليك انتظار التحقيق القضائي قب… ,normal
انو انتي عم تعملي جو تأكدي يا اعلامية مين ورا هيدا الاعلان الممول ورجعي علقي بس عندك عقدة السعودية وعقدة طائفية,normal
ما في حق بيضيع وخاصة حق المظلوم الله يحميك يا كبير ,normal
هودي اللي عرفنا فيهن ههههه وماذا عن غير قطاعات ؟ الله يستر ماذا سيحمل المستقبل من فضائح أخرى ؟ ,normal
معالي الوزير شكرا ,normal
قاتل القتيل وماشي بجنازتو وعم توجه تمني لتاج راسك استحي من دم رفيقك الي انت وشيطانك الاكبر تأمرتو على قتلو ,normal
معالي الوزير كان ناطر شنطة يبعتلو ياها على الجاهلية ما ظبتت معك نطور الرة الجاية ,normal
البلد والشركات عم أفلس صحيح لانه في البلد أمثالك ورؤسائك ومن معك   ,normal
هاد كان في متلو كتير بحلب بشارع التلل,normal
هل يجوز ان تتاجر وتحتمي بدماء مرافقك ,normal
جبران باسيل بدو يعمل متل كميل شمعون وبشير الجميل,normal
و جبران باسيل ما استنكر ، اي معن حق في خيانة,normal
دعوة الشيخ على القمه عملتلو لجنبلاط هزه براسو وهلق بدو ياخد ثئارو بالحكومه بدو يعقدها حتى ينتقم هيدا اول درس له ,normal
كيف كل زمن وإله أتباعه الزقيفة بإيام الإحتلال السوري للبنان، كان أشهرهم ناصر قنديل زال الوجود العسكري وتبخ… ,normal
يا محلا عذاب الغرب من عذاب ايران وما تفعله من عذاب وتنكيل وتجويع وانحطاط اخلاقي لاهل العراق الابي ,normal
لو منو رجل فاسد ما بضل يكشف عن فساده ,normal
المذهب أسدي كلب,abusive
و في رواية أدق ما أزنخ من خلف إلا أبو خلف,normal
جبران بن جرجي باسيل,normal
معك خبر انو بلدة قطر متل ما سميتا مساحتها اكبر من لبنان، لك عيب بقا ارحموا اللبنانية و احترموا حالكم ,normal
والله ماحدا مريض نفسي غيرك الله يشفيك ,normal
جبران باسيل زوج ابنه الرئيس منبوذ من اغلب الاحزاب اللبنانيه فهو مع الرئيس ينفذون اجنده دمشق وايران,normal
سآل زعيمك شو عمل كرمالو مش تسأل جبران باسيل العماااااا بعد في مشاكل بيتكن ما تهمتو فيا,normal
شعب معوّد يحضر ال بدّو يفهم شو حكي جبران باسيل عل ؟؟ مازال أخدتن ساعة حتى ترجموا شو قال وعملوا ردّة فعل وترجموا…,normal
صفقات البلديات ما فهمت والله شو بتقصد، بتقصد صفقة مارسيلينو الحرك مع جبران باسيل ببل…,normal
دفع الاموال مقابل ان لا يتطرق لبنان لسوريا ولكن عون تطرق لها في كلمته فخرج امير قطر بعدها مباشرة     ,normal
لو في دولة كنت انت بالحبس من زمان و نحنا مرتاحين من تغريداتك ,normal
لو فرنجية قادر يعمل رئيس كان عمل أيام الوصاية السورية، لما كان اسمو مطروح بدل التمديد لإميل لحود,normal
أما وزير الخارجية جبران باسيل فكان له جهد حثيث وكبير في التوصل الى صيغة عربية مشتركة تدعو المجتمع الدولي الى تحمل مسؤولياته,normal
بدل ما نجيب لكل وزارة وزير حسب إختصاصه منجيبهن حسب طوايفن وأحزابن هَبَل يهبلنا,normal
هل كلام معالي وزير الخارجيه جبران باسيل في ما يخص موضوع الامام موسى الصدر واثارته في القمه هو دفعه مسبقه لدولة الرئيس ,normal
وقت الي بيثبت القضاء استقلاليته أول انسان متضرر هو المغرد وءام وهاب و أخصامه كما حلفا ,normal
دخلك ليش ما بتسمي حاجي نازل ألغاز، مين الابطال ، شو الخدمات، يا زلمي بق البحصة ولا كل شي بدك تقبض حقو؟ ,normal
ولك يا عمّي خلّولنا شي واحد يوقف كرامة فخامة هلرئيس آخر أيامه حاجتنا بهدلي ,normal
صار من شروطها يدخلوا اخوة سوا,normal
بيستاهل اكتر من هيك ,normal
الحمرنة وراثة او مجهود فردي,normal
فعلاً فعلاً رحم الله وسام الحسن فعلاً كان يميز بين الرجال وأنصاف الرجال إلا انتا ما كان يلاقيلك وصف,normal
ديما اكتر شخص مستفز عا تي في هوا الحريه,normal
حتى بالاقتصاد حمار ,abusive
إحتل فخامة رئيس الجمهورية الجنرال ميشال عون مكانةً قياد…,normal
خليهم القوى الأمنيه كذالك الأمر يفتشو على الرخص الأرتوازيهلا لي عنده حفاره عارف يسترزق ولا متوسط المال عارف يدفع حق بئر مياه ,normal
خلص حبيبي ولا يهمك منفرك بالموضوع ,normal
لعلها الطريق لدولة المواطنة ,normal
لطالما في مين يسوق دول الخليج فاالرحمة على الأمة العربية ,normal
خط الأحمر الوحيد هو القانون يا عمر وكلنا تحته ,normal
جبران باسيل ما يبقيني مستيقظا هو حالة الصمت على الخروقات الإسرائيلية اليومية لاستقلالنا وسيادتنا، لدينا نحو خرقا جويا و…,normal
وئام وهاب دون كيشوت لبنان الا انه معدل حيث ان دون كيشوت الحقيقي كان رجل نبيل يتخيل ما لا وجود له,normal
نريد فقط رجال لديهم من الوطنية وحس المسؤولية لاستبدال طبقة فشلت عند كل استحقاق,normal
كلام صحيح الله يخليلنا ياك ويخلي أمثالك صاحب كلمة الحق ,normal
سوريا لا تعطي شكات بل تعطي الكرامة و عزت النفس و العروبة ,normal
طبعا الرفيقة أسماء من عضام الرقبة و الرد من باب المونة فقط لا غيراي نعم,normal
منوره يا ست الستات ،، هيدا جمال هيدا حضور  طلتك طله ملكات ,normal
رغم الظروف الي عاشها لبنان بالمرحلة السابقة من حرب للإغتيالات وغيره ، ما شفت متل الحالة الي ن… ,normal
ورح يعملولك اكتئاب وتوحد سعد الحريري تاج راسك وتيار المستقبل خلاص لبنان وبيروت التانية شاهدة ع انتصارات رجال الدولة,normal
ما بيستقو الا على لضعاف ,normal
لو فعلا في دولة حضرتك كنت بالحبس هلق بس للاسف ,normal
معاليك هيدي ب شباط سنة بعد سنين من حادثة منتظر الزيدي مع جورج بوش ,normal
عثمان طرف تابع لسعد وليس رجل امن مستقل ينفذ ما يطلب منه معلمه ,normal
لو يا استاذنا الكريم لو كل مين بيحب دمشق اكتر من اهل دمشق بيتخلى عن جنسيتو وبيطلب الجنسية الدمشقية كان البلد بالف خير ,normal
عنجد يا وهاب اوقات بتحط اشيا لابصتك لبص كل انسان بيعرف حاله منيح    ,normal
بشار  حتى الثورة ما بقى تنفع لان ما في توازن قوى ,normal
أعلن المكتب الإعلامي لوزير الخارجية والمغتربين في حكومة تصريف الاعمال جبران باسيل في بيان، أنه تقدم بواسطة وكيله ا…,normal
خليك ع لكل كلمة بيحكيا الزعيم الكبير الكبير وليد بيك جنبلاط قالها منذ يومين صبرنا طويل جدا ,normal
استاذ وئام انت رجل كبير ولك تقديرك ما نحب ان نجرحك بكلمة بس سيدي لي سؤال ايش حشرك في دول أخرى ,normal
نحنا مع إنو القاتل يأخذ عقابه إلى أي جهة وحزب وتيار ومذهب ومرجعية إنتمى وهذا بالنسبة للمرحوم محمد أبو دياب,normal
كلما شوف سكارليت بمقابلة بحسها بدا الصرفة تخلّص لأن تاركة الطبخة عالنار,normal
لو مواطن عادي بنى خيمة قرميد ليستر عائلته لتحركة كل اجهزة الدولة وعندما تنهب مافيا السلطة الاملاك العامة لا تحركوا ساكن ,normal
جبران باسيل ل سيإنإن أمن إسرائيل هو حق,normal
لو بتخرس ولا احلالك انقلع شقفة مجنس لاجئ عندنا,hate
عوى شي جديد,normal
الرئيس السابق لمجلس النواب حسين الحسيني يقول الوزير جبران باسيل لم يقرأ الطائف,normal
عزيزي جبران باسيل بدك تعرف كتييير منيح انو مش شغلتنا نحفظ امن اسرائيل يلي ما منعترف ولن نعترف ب وجودها ابدا,normal
وطن التعايش و الحرية ، وطن الصدق و المحبة هذا كل ما نحن بحاجة إليه لنحصل على هذا الوطن علينا ان نعد شعب واعي… ,normal
عم تحلم،،، ,normal
عجبَكْ هيك استاذ وئام فهمنا انّه الولد العاطل بيجيب لأهله المسبّة بس كتير هيك قلّلوا تهذيب معك يلّلا… ,normal
ما بحبك بس حلوي♥,normal
عيش كتير بتشوف كتير كلنا معك ,normal
عنوان غلط اولا هو ولا مرة حكي عن الثلث,normal
لا يمكن ان يكون هناك ضابط اكبر من الدولة ,normal
معالي الوزير علاء الخواجى مثله كمثل رفيق الحريري عندما كان في السعودية يدير اتفاق الطائف حتى يستفرد به… ,normal
نصرالله كلام وزير الخارجية جبران باسيل عن ضرورة حل مسألة اخفاء الإمام الصدر كان مهماً,normal
أيا تخبيص يا سحر؟,normal
خدوه وبيطلعلكن معو أمير المقعد الشاغر طلال ببلاش ,normal
طول بالك علينا يا حلو ما هني عم يبينو واحد ورا التاني خدلك سنكرز عبكرا بلكي بتروق ,normal
هلأ صرت عروبي ما كل عمرك تابع لإيران و تعليمات الحزب ,normal
وديعة بفواءد عالية لمص ما تبقى من دماء الشعب خليل الكافر في رواية النبي جبران هدم عرش الطغاة… ,normal
يوم ولد ماكرون كان ميشيل عون عقيد ركن و بوتفليقة وزير خارجية و السلطان قابوس كان السلطان قابوس,normal
آلوزير جبران باسيل وزير لبناني فقط لا غير,normal
ونحنا الزينات منحن عبعضنا    ,normal
طول عمري فهمان يا بضاعة,normal
هذهي ثورات شعوب خرجت للمطالبة بلحرية لا تنسبها لهذا الشخص او لتلك الدولة ,normal
وهاب لا يحارب الفساد وهاب يحارب الاشخاص الشرفاء وهو مدفوع لذلك همه الوحيد الهجوم عالرئيس سعد,normal
طيب خلينا بالنص ايران كاميرون,normal
ما شاء الله تحليلك شوربا مثل كل التغريدات؛ ممكن تنورنا يا أستاذ وئام شو هني الخدمات الي ممكن حدن ثاني,normal
وهاب يشكر الرئيس عون ,normal
الفرق بينا وبينكم ياعرب انو نحنا مشرقيون و كلدان و اشور و روميون و سريان نحن ابناء الفينيقيين اسلام ومسيحين نحن اهل المشرق وسكانه الاصليين,normal
سليم عون لا يستطيعون التصويب على ​الرئيس ميشال عون​ فيصوبون على رئيس التيار ​ جبران باسيل​ او علينا، لسنا مكسر عصا لأح…,normal
هيدا اسوأ عهد مرق بتاريخ لبنان,normal
كل الأوطان لها الحق بالأمان أوليس كل الأوطان فيها أطفال و نساء و بشر لا للغة الحرب لا للغة الموت لا للغة الدم لغة الحرب ,normal
جبران باسيل هدد إسرائيل بأمنها وقال إذا كانت إسرائيل تريد حقاً أن تضمن أمنها وهذا من حقها، اذاً عليها…,normal
بتوقع بعد شكر السيد حسن للوزير جبران باسيل لازم نخفف اتهامات بلاطعمة,normal
معك وهاب في محاربة الفساد وللآخر ,normal
سؤال لشيخك وشخ خلدة الغريب ايران بلد عربي ام اميركي ؟   اذا عرف الجواب منعينه     ,normal
وطن التعايش و الحرية ، وطن الصدق و المحبة هذا كل ما نحن بحاجة إليه لنحصل على هذا الوطن علينا ان نعد… ,normal
العيشة بتلبقلك يا ست ديما,normal
زوجة السيسي متأثرة بمقولة انا أنثى والانثى لا تنحني,normal
راح خبرك شو شايفة ب جبران باسيل,normal
نور العين مش بحاجة ليعرف مكانو وما ماكينات اعلامية تخاض من اجل الشرخ بين المردة وحزب الله,normal
سعدنا بلقائكم أيها الأحبة شكراً لكم جميعاً جداً للغاية قلوب متعملقة حمراء و خضراء و بنفتحية,normal
وانا واحد من الاشخاص اللي صاروا يحبو جبران باسيل من ورا الهجوم عليه,normal
اكثر ثلاث كلمات متداولة من الاكثر للاقل باسيل جبران الوزير     ,normal
كلُ سَيأتيك بوقته المحدد لذا  عليك ان تتقن الصبر ,normal
علي النعيمي انت بهذا الكلام تقر وتعترف انك من داعمي الاٍرهاب الإيراني في المنطقة ,normal
حلل وناقش الجملة التالية شعب معوّد يحضر ال بدّو يفهم شو حكي جبران باسيل,normal
قل لي بربك وبصدق وبكل تجرد أستاذ وهاب من من دول المنطقة فيه شفقة أو رحمة أو دفء أو عطف أو تسامح,normal
يكفي جبران باسيل شرفاً انك تهاجمه يا قطيش,normal
الوزير جبران باسيل للمرّة الثانية على التوالي يقرّ بحق اسرائيل بالوجود والأمان,normal
بتاريخ لبنان كله ما في سياسي تعرض ل إعلامي سياسي ممنهج متل جبران باسيل وقبله ميشال عون,normal
وزير الخارجية اللبناني جبران باسيل شكر أمير قطر وقال إن وصوله إلى بيروت مبادرة لكسر الحصار عن القمة العربية الاقتصادية,normal
الناس آراء وأذواق قاعدين على الشط عم نطلب كوكتيلات لحتى تقوليلي أذواق صار قتل نص مليون وشلّ وإعتقال قدهن وتهجير مليون بني آدم أذواق,normal
ماهذة الصفاقه والنتانه ياأنسة,abusive
متل ما فهمت إنو جبران باسيل فجأة صار مستقتل بدّو وزارة البيئة,normal
بس لأن إسمو جبران باسيل عامل فيكن الما بينعمل يا فاسدين,normal
جبران باسيل يغرد خارج السرب التطبيع مع الكيان الغاصب خيانة عظمى,normal
يا خليك بحالك احلا ما تسير هلق ,normal
لو كل كلب عوى ألقمته حجرًا لأصبح الصخر مثقالاً بدينار ,abusive
عم يقطع ويشلح حكي من دبي وهو للاسف مطلوب للمحكمة وقدر يسافر هاجم أمير قطر وآتَاه المدي… ,normal
صرت منبهك الف مرة ما تقل بالعشا ويطلعلك اللواء عثمان يكوبسك بلش باللبنه والله رح تنفعك تعود عليها من هل… ,normal
ما بعرف ليش بتذكرني بنشتكين ,normal
ما انت والرئيس من فرد خميرة، واللي جاب الرئيس، وقفك على اجريك ، وماشيين سوا بمخطط التفرقة ,normal
كان بدبي عم يشم الهوا  ضهر تحت غطاء حزبي   ,normal
وأطفال سوريا عم يلعبو بدريم بارك,normal
شو موعيك ؟ عم تصلي الفجر ؟ ,normal
تاريخنا مشرف تاريخنا معروف منا بحاجة لحدا يخبرنا عن تاريخنا ,normal
رئيس موريتانيا ووزير الخارجية جبران باسيل وصلا الى مكان إقامة القمة العربية في واجهة بيروت البحرية ليبانون ديبايت,normal
جبران باسيل لا تلوموه وتنتقدوه وحده الذي لا يعمل لا يرتكب الهفوات ومن يبقى بلا حركة لن يكتسب بالطبع لا خبرة,normal
رزق الهبل عالمجانين آه يا هبيلة ,abusive
الإعلام المأجور لم و لن ينال من سمعة العماد ميشال عون والوزير جبران باسيل,normal
قصدك قصر المتاجرين الجدد ,normal
التعليقات على موضوع مرور الخوذ البيضاء عبر اسرائيل تعليقات مقززة ووين المشكلة بالموضوع؟ بتعرف حضرتك أنو خدمات الطبابة والدفاع ا,normal
بس الفرق إنه الوزير الملك جبران باسيل ما بيستذكر إلا العمل الصالح لمصلحة الوطن والمواطن والحمدلله ما…,normal
دخلك كم شيخ عقل صار في بلبنان بهمتكم؟ ,normal
من آخر ما تفتق به ذكاء جبران باسيل ودهاؤه السياسي اقتراح تشكيل حكومة من وزيرا بلا علوي يكون فيها وزراء سنة يعطى واحد م…,normal
صدقني انت بتضحك اكتر    ,normal
جبران باسيل اتمنى لاتحط بلدك لبنان في مواجهه مباشره مع السعوديه بشوي تصريحات سخيفه تصل ببلدك الى حد البكاء في كل…,normal
لاء ووزير خارجيتنا المفصوم جبران باسيل قال ان تميم فكّ الحصار عن نفسه وحضر القمة  ,normal
هاد سعودي ، وانت خليك بحالك يا سوري ولا انت تقليد سوري,normal
يلعن روحو بهالبرد,abusive
وانتي مال أهلك يا معرضه خليكى فى بلدك,abusive
وكان حضور تميم للبنان مُرحب به جداً ,normal
دولة رائس حكومي في ولد ما اله كلمة ,normal
الدولة اللبنانية وأقطابها تريد إزالة إسرائيل من الوجود ولا تريد السلام العادل والشامل ولا مبادرة بيروت,normal
الله يطول بعمر فخامة الرئيس,normal
ولمن يهمّه الأمر ، وليد جنبلاط تزوج من أيرانيه ومن ثم تزوج من شركسيه وأنجب منها ثلاثة أولاد غير دروز وك… ,normal
اي جبران باسيل سربلنا الاسئلة اذا هيك,normal
كل مين بيشد على مشدو كمان ,normal
انت حبيت تفوت بجدال لعيونك بس كنت خليك محترم سيد حسن بيقولو وتاني شي مع سيد حسن وعلى رأس السطح ,normal
هيدا مثل عن لبناني دارس علوم سياسية وبيجي بقلك التيار مسؤول عن فساد,normal
وليد بيك يتعرض لحمله شعواء من قبل طلال ارسلان و وئام وهاب هل هي حرب بين رؤوس زعماء الدروز اشعلها وهاب ,normal
زينة انت ليه بتوجعي قلبك وتتجادلي مع واحد معلموا صهيوني عفواً قصدي قواتجي,normal
سر يا وئام وهاب يا كبير ولا تلتفت لأحد ,normal
تذكير بفترة بالتحديد حرب أيار كل الاحزاب قالت شكرا قطر ,normal
لو كل كلب عوى ألقمته حجراً لأصبح مثقال الحجر بدينار لازم يكون عندك ثروة هلق يا مليونير,normal
سمّعنا سكوتك يا بغلول ,abusive
طيب شو القيمة يلي بيستفيدها المجتمع لو النسوان تحجبوا,normal
ناوي تعمل متل بري لتعطيل القمة كل الشعب بيعرف كل دولة شو لعبت دور بس انا بحب تتصرفوا رجال دولة وما تحكوا طالع نازل ,normal
هذه المرة خبصت يا وهابايه تلي حصل قطر وايران اصحاب وايران وحزبله حبايب شو صار قلبت علي قطرما دفع ,normal
نحنا اهل الجبل مش معبرينك ومتبريين منك بدك بفنزويلا يعبروك الله يثبت علينا العقل والدين ,normal
التشكيك بصدق باسيل التشكيك بصدق السيد,normal
مثل ما سعادة السفير يبني العلاقات السعوديه اللبنانيه,normal
من وطأة التراث الديني مثلا المعركة الحاصلة الآن على ماهية زكاة الفطر عينية أم نقدية لك والله عيب تخيلوا أن كل زكاة,normal
رجعت من الإمارات معاليك ولا بعدك هونيك؟ ,normal
المهندس جبران باسيل شاء من شاء وابى من ابى لأنه الاقدر على التنسيق بين الداخل والخارج بالاضافة الى الوقوف الى جانب المقاومة,normal
صديقي انت ابن جامعه اللعبه اكبر من داعش اللعبه سنيه شيعية واعادة توزيع ديموغرافي بسوريا,normal
لعمي ,normal
مصدقين حالكن يل انتخابات الجاي بصف حدك طلولا المختارة رح تضل فوق راسك ,normal
اثار وصف وزير الخارجية والمغتربين في حكومة تصريف الاعمال جبران باسيل زيارة الأمير القطري «بخرق الحصار» حفيظ…,normal
لو كنا في دولة لما حصلت غزوة الجاهلية ,normal
خرسي يا كلبه يا نوريه,hate
شو الغريب؟ ما حدا زار ما حدا و حطا عتويتر  الصوشيل ميديا للكل ,normal
ياجبل مايهزك ريح معالي الوزير جبران باسيل,normal
شو النفع نكون كلنا بهالبلد إيد وحدة بس كل أصبع ضد التاني,normal
عزيزي جبران باسيل بدك تعرف كتييير منيح انو مش شغلتنا نحفظ امن اسرائيل يلي ما منعترف ولن نعترف ب وجودها ابدا,normal
أنا كمان وتونس عظيمة,normal
دمشق حانيه العرب والام الرحيم والاب الرؤوف والشقيق الحاضن ولكن العرب طمعوا بها وقسوا عليها وارادوا ذب… ,normal
ضحكة بلا سنان ,normal
انت بتعرف يا أستاذ فادي انو لبنان احلى بلد بالعالم,normal
كل المباريات خارج مجلس الخدمة المدنية معرّضة ان تخضع للمحسوبيات والواسطة ونقطة عالسطر ,normal
لا تحبسنا على غدر الزمان طالما نحن لها في المرصاد ,normal
ما بني على باطل هو باطل يا استاذ الفانون يمنع على الدولة ان تكون تاجر باكثر من الشركات يتم بيع الناس سا… ,normal
جبرا باسيل كل تغريداته بالامس كانت عن سوريا ونسي انه موجود في لبنان دافع دفاع مستميت عن نظام مجرم لدرجة ظن البعض ان جبران…,normal
سؤال يا حضرت لو اليوم قطر فتحت سفارتها ب سوريا كنت هللت انت وغيرك وبطلت ارهابية ,normal
لو في دولة يا معالي الوزير حضرتك مكانك خلف القضبان لبذاءة لسانك وإحتقارك القضاء والتمرد على القوى الشرعية ,normal
بحبك يا زعيم,normal
شو هم الكبار من حكي الصغار الوزير الملك جبران باسيل أنت كبير وبتضلك كبير لأنك إنسان شهم ومتواضع وسوبر شغيل…,normal
ههه الجبان عمل لي بلوك ,normal
وزير الخارجية جبران باسيل في مقابلته,normal
مشان تعرف العالم انو السوري احتوى كل العالم انا بشكرك ديما انك عم تنشري هيك تغريدات بتدل على وقوفك مع الحق,normal
لو نحنا بدولة بتحترم حالها كنت انت اول واحد بينزت بالحبس ,normal
نريد وطن ولاء شعبه وحكامه ومسؤوليه للوطن نريد وطن يعيد لابنائه امواله المنهوبة انا لتشريع قانون استعادة … ,normal
والله انت بتسلينا اوعى توقف كتابي العقاب لوهاب وهاب قاتل ابو دياب ,normal
احييييي يا قضاء ,normal
وئام وهاب يشتم يتيم المجد    ,normal
يجب الحفاظ على هيبة الدولة ,normal
كلام جواهر كبير معالبك ,normal
وهذا ابلغته لمرجع كيير الا يعد هذا تدخل بعمل القضاء,normal
هاي مثل ميّل يا غزّيل و يا غزّيل ميّل,normal
يا محترم احترمت كل العالم الا جبران باسيل و بدك تتطاول عا حبران باسيل بدي اتطاول عليك  ,normal
اللعبة التي يمارسها جبران باسيل لحجز مقعده في الانتخابات الرئاسية منذ الآن لا تجدي نفعاً لأن مجلس النواب سيتغيّر وم…,normal
روحي تعلمي العربي اول شي تتعرفي تفهمي شو حكي بالانكليزي,normal
أنت الآن تدخل الحرّة من الحدود بين جمهورية أيرلندا وأيرلندا الشمالية,normal
مساء الخير معاليك ,normal
ما هم إلا عبيد مأمورين لسيدهم الاميركي والصهيوني ولكن خسئوا تحطمت مؤامرتهم على أسوار دمشق المنيعة تحت ا… ,normal
كيف بتبهدل حالك ب تلات حركات جيب جبران باسيل وعملو وزير الخارجية ويطلع يتحفنا بأفكاره دولياً مش بس محلياً,normal
فيديو وزير الخارجية اللبناني جبران باسيل أمير قطر كسر حصار قطر في بادرة لكسر الحصار على القمة العربية الاقتصادي…,normal
سؤال ماهو رائيك بالقصف الاسرائيلي على المواقع الايرانيه في سوريا سيد وئام اذا كنت شاطر بترد على هذا ال ,normal
اطال الله بعمر شيخ العقل ونعتز بمشاركته في القمة ,normal
ما جبران باسيل نفسو لي قال بمقابلة تلفيزيونية عالميادين انه ما عندو مشكلة مع اسرائيل و على حصولها على حقها بالامان؟,normal
نطالب بسحب المليار ونصف من لبنان ردا على تصريح جبران باسيل,normal
معالي الوزير السابق ممكن اعرف كيف عرفت انو ما كان في تدخل طائفي وتوزيع حسب الحصص اذا امكن سؤال يعنيني  ,normal
والبري من اين له هذا مافبديكم لالو ,normal
زمط يا محتال,abusive
للاسف هناك من هو محسوب على نيار المقاومه يشكر قطر على حضورها الموتمر ,normal
جبران باسيل ملك التعطيل,normal
ولو نسيت على المنار شكراً قطر وينك يا شيخ حمد ,normal
وئام وهاب غريب كيف شايف سعد الحريري انت خليك على مستوى عالي مثل ترامب و امثالو بس فيي قلك رحم الله امرء عرف حده فسكر بوزو ,normal
الوزير جبران باسيل كان اول من طرح موضوع عودتهم الى بلدهم ليس انطلاقاً من موقف عنصري، معتبرا ان الجميع لاحقاً التقوا على ا…,normal
بحترم وجهة نظرك ، بس ما ننسى انو القضاء كيف تعامل مع الموضوع، و بما يخص الشهيد لنترك الموضوع ل… ,normal
نحن نثق بال قضاء اللبناني ,normal
كل البشرية حاسدتنا على نعمة الامن و الامان و ربطة الخبز ام الخمسطعش ليرة,normal
داعم للإرهاب في كل مكان ليس لبنان فقط وحضر لبنان ليس حباً ولكن نكاية في الذين لم يشاركوا ,normal
واو واو قمة السادية الوجه الآخر الجميل ل زينتنا ,normal
نرجوا من جميع محبين الدوله واللواء عثمان عدم الرد على هذا الموتور حتى لا يعطى قيمة اكبر من حجمه وشكراً ,normal
أمن الكيان الصهيوني حطلي ياها ,normal
الله يقوي هالطائفة ويبارك برجالها الأحرار ومشايخنا الي منشوف حالنا فيهن يطول عمرك وعمرو معالي الوزير ,normal
استاذ سامي منحبك ومنحترمك و انت من أذكى الصحافيين و لكن هذا السؤال أخلاقياً و منطقيً ليس بمقبول,normal
صرخة الوئام أن استفيقوا أمافي فجور السلطة والأثرياء هدهدة للشعب كي ينام نامي جياع الشعب ناميحرستك أله… ,normal
سئلت من سياسيين عرب صودف وجودهم ع طاولتي عن رأيي بالمرحوم الشهيد رفيق الحريري كان جوابي يومها فيه,normal
جبران باسيل ل سيإنإن أمن إسرائيل هو حق,normal
وايضا جنس عددا من اليهود الصهاينة في العراق وهم الآن عملاء الإحتلال الصهيوني والأمريكي وقد يصلون للحكم في العراق ,normal
ما عطيوك شي غرفة فيه بلاش ,normal
بتاريخ لبنان كله ما في سياسي تعرض ل إعلامي سياسي ممنهج متل جبران باسيل وقبله ميشال عون,normal
مضرطة لها نغم… قمم قمم قمم معزة على غنم ,abusive
يا محرم انت دخلك عيونك بس بتشوف بعين وحدة وينك من كل التعديات يلي ب حي السلم ومسكرين النهر ,normal
من الشيخ سعد الى الحكيم صفحة وطويتا ومن عمري ورميتا يا خسارة حبيتو وما بيستاهل حب,normal
انت وطني شريف احسنت ,normal
يخليلنا ياك يا رب ,normal
ولَك إنتوا والتافهين أمثالكم بس توصلوا لصرماية…,abusive
وين الغلط اذا قال انه ل بيوعظ بموضوع جبران باسيل و بيقبل بالتهجم عشخص الرئيس بري بكون عم يكيل بمكيالين؟,normal
لعلها تكون قدوة يحتذى بها لبناء الدولة العادلة ,normal
سوف تبقى سوريه وفية ومنتصره رغم كل الاوجاع وتبقى صامده في وجه الاعداء سوريا التي حاربت كل الدول العرب… ,normal
بس اسمع تصريحات جبران باسيل,normal
مبلا بيقدر يغضب علينا اكتر ويستقيل ويجي محله جبران باسيل,normal
ليسة حكمة حكيم بل هي جبران باسيل,normal
كلنا معك معالي الوزير الملك جبران باسيل,normal
بس كان جبران وحزبو عم بقاتلوا الوجود السوري بلبنان، كنتو انتو طالعين نازلين…,normal
اكتر واحد فرحنا بمقابلة السيد هوي جبران باسيل,normal
تكرمي بنت العم ؛المهم بالموضوع انو البراظيل ما رح تفوز بالكأس و سوف نرى,normal
و هل يجوز لحسن و الإيراني أن ييقتل الشعب السوري كلا الأطراف القرضاوي و ما ذكرتهم أعداء للمنطقة,normal
القمة التنموية أقرت اقتراحا لبنانيا مهما في شأن أزمة النازحين واللاجئين سيذيعه وزير الخارجية والمغتربين في حكومة تصريف ا…,normal
يلعن روحه,abusive
يجب التحرك عل فوركفى تعدي على حقوق الناس شبعنا ,normal
بتوقيت نصرالله شو رأي السيد اذا منبعت جبران باسيل على فينزويلا لدعم محور الصمود والتصدي ويرتب الأوضاع,normal
الطرح الجديد من معالي الوزير جبران باسيل حكومه بكون فيها وزراء من اخوانا السنه وهيك بيعطوا الوزير السابع للقاء التشا…,normal
لما السيد قال إنو جبران باسيل صديقو صراحة انا انبسطت لان تذكرت انو الشهيد رفيق الحريري كمان كان صديقو ع كل حال,normal
سدو لبوزك ,abusive
لما يطلع زعيم عربي مسيحي اللي هوي جبران باسيل و يحكي عن تعدي اسرائيل على لبنان على…,normal
وطننا ليس فقط بحاجة لضمائر مسؤولين نظيفين القلب والكف بل بحاجة الى شعب يحب هذا الوطن ويحافظ على نظافته  ,normal
يجب أن يعلم الجميع أن الشجرة المثمرة ترشق دائما بالحجارة,normal
يا حضرت فيني افهم ليش بس عم تحكي ع فساد الحريري وين انت من فساد حلفائك كلون يعني كل حلفائك اكيد ما بتس… ,normal
بصراحه انا ارى ان مقابله جبران باسيل معتدله واصر على ان اسرائيل معتديه,normal
فخامة الرئيس لو شي فقير عبيعمل غرفة حتى ينيم ولادو كان تمرجل عليه عماد عثمان بس هذا الزلمي اسامه شهاب عامل مشروع بد ,normal
لم يقولوا جبران باسيل,normal
بس بلبنان ممكن نقول عن حدا انو مشكلجي وزعوري ووِسخ بس خامتو طيبة 😎 ,normal
النائب جهاد الصمد للوزير جبران باسيل من وهلق شو ممنوع المس بالطائف ومن استعجل الشيء قبل أوانه عوقب بحرمانه,normal
جبران باسيل ضربة عالحافر ضربة عالمسمار ساعة مع المقاومة ساعة مع امن إسرائيل ساعة ما في مشكل ايديولوجي مع العدو,normal
عالحق ما حقها شي   تحياتي ,normal
شيخ العقل منتخب لا عون ولا عهد الفشل قادر يغير بالواقع أو بالنتائج، خليك تابع انت والمير والتاريخ,normal
شر البلية ما يضخك في كل يوم تتدحرجين إلى قعر الهزل من السياسة وضبابية الرؤية,normal
اعذرهم معاليك صوت الحق اربكهم و حب السلطة و المال يتحكم بهم ,normal
أنس أزرق عادي يعمل إنترفيو مع معراج أورال بس بينطعج لمّا حدا يكتب كم بوست فيسبوك متضامن مع ضرار خطاب,normal
قويه هاي    ,normal
هو كوميدي الشيخ سعد ,normal
سوري بس شو خصك روح شراب يلي بتحب,normal
شكرً قطر انقذت الليرة روق يا رجل محن منحب رجوليتك ,normal
هدول بيفهموا شو يعني حرية؟؟؟,normal
نجحنا بقوتنا شكراً فخامة الرئيس ومعالي الوزير جبران باسيل لكل شي عملتوه لانجاح القمة التنموية ولانو دايماً بترفعوا البلد,normal
لماذا السكوت عن تفاهات جبران باسيل اما انتم موافقين على خطابه بالامس اما اصبحت الدولة من اعلى الهرم الى الاسفل وما بينهما,normal
يا دعدع يا عزيزي ارجو منك ان تترفع عن التخاطب,normal
علاء الخواجة هوي الي شترى البلد و ضمير بعض سياسي البلد ,normal
ما بينعتب عليك جاهلة وهبلة ,abusive
قمه بيروت نكتة صدقها جبران باسيل ورأى فيها نفسه مسؤولا عن لبنان فيما هو لا يكبر ولا يمثّل,normal
وقال نفس شي عن الحركة المهم سمعته شو قال عن الوزير جبران باسيل صدمت صعقت جلطة جبران حلت عليك,normal
جبران باسيل بدو يعمل متل كميل شمعون وبشير الجميل,normal
بدا ثورة على حطوا روبورتاج صغير عن جبران باسيل وانهوه بجملة ما تكون متل جبران,normal
نتمنى اذا كان بلقمة ما يحك باسم الدروز لانه شيخ فقط لدار خلدة ودار حضرتك لان الجاهلية لا تمثلها انت وخلدة لا… ,normal
بخصوص موقف جبران باسيل بالنسبة من العداء مع اسرائيل انه ليس خلاف ايديولوجي اين بيانكم من البحث الذي توعدتم به؟,normal
هههه اخ وئام كون واقعي شوي انت بينك وبين حالك عارف انو وليد بيك بمتل الاغلبية الساحقة الدرزية,normal
ما في دولة بلبنان في مزرعة عاصمتها الجاهالية ,normal
رب ضارة نافعة وصول جبران باسيل الى الرئاسة يعني اننا وصلنا الى حالة الاحتضار الكامل,normal
دعهم يتلهون بفتات الاخرينلنا زعيم قائد وشيخ عقل ولا نعترف بمن لا يجرأ ع… ,normal
الوئام بمنارتك نهتدي ونجتمع صوت الوعي وانبثاق الأحرار وئامنا غدوت كالطودالراسخ الأشم العظيم ,normal
ما تطاول عاسيادك يا زنديق ,abusive
الامير طلال حبيب قلبنا وبيمون عأكتر من هيك ,normal
معالي الوزير نحنا شو دخلنا بكرا بيتفقوا قطر وسوريا و بالآخر بنطلع نحنا الخسرانين بالسياسة في مصالح,normal
ولك وئام وهاب لأزم فخامة الرئيس يشوف شو عم تحكي ولك عيب عيب مبارح شفت بي شو تبرعت يا عيب بشوم عليك خلصنا انت لازم تتحاسب ,normal
شو خص جبران باسيل ما فهمنا  ,normal
يا عيني السياسة الاقتصادية قايمة على الدين وحولت البلد من الانتاج للإستهلاك وين الصناعة,normal
لكن اضحك على حالك ,normal
الرّئيس التّونسيّ يخسر دعوى قضائيّة رفعها على مواطن تونسيّ والقضاء يعاقبه يعاقب الرّئيس ونحنا عنّا جبران باسي…,normal
جبران باسيل يطبّع قُبَل على خدود الدولة الغاصبة,normal
نحتاج الى مسؤولين جدد يعملو على اعادة الوطن الى الاحلى ,normal
كلام أصاب كبد الحقيقة ,normal
هل هناك مصلحه مشتركه بين جبران باسيل و نبيه بري بشأن التطبيع مع سوريا ؟ طب ليش الثنائي الشيعي ما بيوثق بف…,normal
أحن الى زمن لما كنا اذا اشترينا جينز وطلع في خيط منسّل نرجعلو ياه ونجيب المصريات هههه هلق ما منقبل نلبسوا اذا مش آكلو الكلب 😎,normal
خصوصا ان سي ان ان طردت,normal
شي مفتخر للأمانة,normal
ما حدا ضربك عايدك تناقشني,normal
أنا معاك وكلامك صح مية بالمية لكن إنت تناقض نفسك قطر حليفة إيران وسوريا حليفة إيران طيب فهمني كيف قطر,normal
هذا ما قاله المفكر آنيس النقاش عن معالي وزير الخارجية جبران باسيل,normal
منذ إنتهاء الحرب الأهلية لم يجرؤ أي مسؤول لبناني رسمي أن يتحدث عن حق إسرائيل بالأمن إلا جبران باسيلو قد فعلها أكثر من مرة,normal
عودوا الى حلقة الجديد مع اصحاب الحقوق في الوسط التجاري تفهمون الخدمة للناس ,normal
تشبهك قطعت نصيبها الله يقطع نصيبك    ,normal
كفاكم هبل أيها السادة الجنبلاطيين لا أوامر من حزب البعث ولا من النظام الأسدي ,normal
ولن ترضى عنك اليهود ولا النصارى ولا المسلمين ولا النباتيين حتى تتبع ملتهم,normal
سعد الحريري معروف ابا عن جد مش وتال غيرو ,normal
نجحنا بقوتنا شكراً فخامة الرئيس ومعالي الوزير جبران باسيل,normal
نحن معك قلبا وقالبا ما دمت على طريق الحق ,normal
مين طفى الضو ,normal
سمعتي إش قال جبران باسيل على مريكان و ترامب ؟,normal
كل زق يا باطني ,hate
كل الحق علينا كل اربع سنين منعيد الغلطة ومنجيب نفس الطبقة السياسية ,normal
يا ريت نفوسنا بجمال ونظافة وطنا شو كان عبالنا المشكلة مش بالوطن أستاذ وئام مشكلتنا بالشعب ثم بالدولة… ,normal
يجب ان لا يستلموا معونة قطر ,normal
انك تتمنى عوليد بك عدم التدخل متل ما بتتمنى عالبسَين ما ينط عالسمكات ,normal
من رفع الدعوى ؟ وأيّ الجوابين أفصح وأتمّ قولا ,normal
هاد نفسه بيآمن بعزرائيل,normal
جبران باسيل عام ما عنا مشكلة ايديلوجية مع اسرائيل من حقها تعيش بسلام,normal
شانن حملة على قطر شو ما في تحويلات؟ اها صحيح انت تحويلاتك حارة حريك والشام هههه ,normal
من الضاحية الابية هنا دمشق ,normal
ضروري نحكي,normal
نحن نعمل ضد جبران باسيل لانه العدو الاكبر للمسيحيين في لبنان,normal
جبران باسيل لم يقدم هو يأخذ فقط بتحط نفسك بمواقف بايخة  ,normal
وانت وش مضايقك من حديثنا عن ايران لايكون انت الكل… ,normal
دمي ودمك نفس الدم ❤,normal
جبران باسيل بلكي بصيرو النواب والوزراء يشتغلو,normal
يبدو أن رائحة الريال السعودي عبقت في خشمه  طال عمرك ,normal
مكربج راسو جبران باسيل ومش شايف قدامو الا حصة القوات شيل وزير من حصتك ووزير من حصة عمك,normal
لو قطر باركت بشار الاسد لكانت الوديعه مهمه ومفيده   ,normal
بحكيكي بالشرق بتجاوبي بالغرب,abusive
بس مين مسيطر على زراعة الحشيش مو كلها بالجنوب,normal
جبران باسيل فوبيا العصر,normal
اذا لاقيت وحدة عقلها راكز عض عليها بالنواجذ,normal
جبران باسيل ديكور لبناني والمحركات إيراني,normal
صباح جميل كجمال قلوبكم ,normal
وقاتلة كمال جنبلاط وقاتلة الحريري وجبران التويني وسمير قصير وسليم اللوزي والشيخ حسن خالد وكتار من ال… ,normal
اقول انت مسكين ويمكن نايم امس من شرب الخمر اخبرك انه امس إسرائيل قصفت دمشق ومطارها تضرر ,normal
دخلك يا حضرة وهاب سؤال وين صار المتهمين بمحاولة قتل بطرس حرب وين المجرم بقتل الضابط حنا وين كل المتهمين,normal
والخراب اللي في اليمن وتقسيم اليمن وتشريد شعبه وتجويع شعبه واحتلال المواني فيه مش خراب,normal
طلعت ريحتكن,normal
صاير فيك مع علاء الخواجا متل راجح بالمسرحية مع بياع الخواتم ,normal
السيد نصرالله العلاقة مع الرئيس ميشال عون لم تتزعزع ابدا والعلاقة مع رئيس التيار الوطني الحر جبران باسيل لم تتبدل ابداً,normal
عثمان او حدا تاني؟؟؟ وواثق من نفسه  ,normal
اثناء قراءة شعر ايليا ابي ماضي بحب اشكر حظنا جميعنا انو أدباء المهجر ما كانوا من جماعة نحنا مش عرب نحنا فينيقيين,normal
جابتله سيرة الطاقة النووية بالغلط بلش يشرح ليه ما فينا نعمل مصانع طاقة نووية بلبنان وانها خطرة ونا معرضين للهزات الأرضية وهي تقله ما كان قصدي نعمل مصانع وهو يشرح,normal
يسعد صباحك حبيبي لنذكر بعض العملاء بدمشق كي لا ينسوا ,normal
طول بالك لا تعرف من وين الخير ,normal
وهاب لمن يهلل لوديعة قطر عليه ان يعلم أن الوديعة مربحة لمن يودعها لأن فائدتها عالية وهي ليست هبة كما اعتقد البعض… ,normal
أكيد أستاذ بسام هل رأيت أكثر من جبران باسيل مفتن بين اللبنانيين؟؟المردة القوات أمل الأشتراكي الخ هم,normal
فشرتو يا عهار سيذهب بجنازة الطاغي والدعس على قبره النتن ,hate
بعد تأكيده أن لا خلاف إيديولوجي مع اسرائيل، وزير خارجية العهد القوي جبران باسيل يؤكّد في مقابلة مع قناة سيإنإن أن أمن…,normal
لا حول الله يا وئام هههه ,normal
أسعد الله صباحك أستاذ وئام أنت صاحب المواقف والكلمة الجريئة ونسر الجبل ,normal
مش اكتر منك بهالصورة ابو شعر مزروع بس بيغلبك ,normal
اشتقنا لحوارات دراما من نوع انتِ وحدة كاسرة وفاجرة ولقيطة وبنت حقلة,abusive
يا وئام صبح ربك ,normal
والك عين تدافع عن روسيا وهيي عم تعترف انو كل طلعة لأسرائيل عندا علم فيها ، ولشو وجود الروس اذا مش جايين يدافعو عن الشعب والقيادة السورية ، هيدا دليل انو الروس واسرائيل واميركا هني ب ، تفضلوا ردوا يا روس ع إسرائيل ووين الدفاعات الجوية لي,normal
سيرى الناس كيف سيزحف كل من أساء لسوريا وحلفاء سوريا للأعتذار نادمين خانعين ,normal
كلامك مردود عليك ,normal
مع أنو بعدو عقلك ناقص بس حبيبتي بلبنان في ديمقراطية وأكبر دليل إنو أزلامكن و…,normal
لوما عنا مشكلة العَفَن الطائفي بمخوخنا كنا منلاقي قانون انتخاب ع غوغل ,normal
وزعنا عاليونانين و اللبنانيين و الارمن و الشركس كلو طلع فيه خير ماعدا حداً بس حزري مين هوي,normal
لو عطوك حصّه، شو بصير رأيك بالوديعة؟ يا ترى بيرجع عهد شكراً قطر؟ ,normal
انا لو ضراب الطبل بقول شي عن جبران باسيل بصدق وبدون ما أتأكد بكون أكيد انه قال,normal
من مقابلة جبران باسيل مع سيإنإن أمن إسرائيل هو حق,normal
يخليلنا ياك    ,normal
اللي عملو للبنان جبران بدن سنة تيعملوا ربعو,normal
جبران باسيل قلق من الخرق الاسرائيلي اليومي ل استقلالهم وسيادتهم ولكن لم ترف عينه من محاولة عصابة السفاح تفجير مساجد في طرابلس,normal
أعلن وزير الخارجية اللبناني جبران باسيل اأن لبنان لمس تجاوبا مع فكرة عودة سوريا إلى الحضن العربي,normal
الله يطول عمرك يا معلم يا إبن معروف لأصل ,normal
رحم الله وسام الحسن فعلا ,normal
مخش ليعرفه الاول أو ليعرف وين الجاهلية   ,normal
لو في دولة تحترم نفسها كنت إنت و جماعتك يلّي أطلقتوا النار على الدولة بالسجن اليوم ,normal
انت يا سارق شو مفكر ما منعرف مين سرقلا المصاري و افلست الشركة روح شوف فسادك انت من وين معك كل ,normal
ترانا نحتاج إلى محاكمتكم أمام العالم أجمع لنسترد حقوقنا لنبني مستقبل أجيالنا وجيشنا ودولتنا ونقطه ع السطر ,normal
بربحك جميل من كيسك انو ناوي يعمل شغلو,normal
وب بس انضرب لعراق من بوش الاب مابعتو لعرب جيشهم لضرب لعراق دخلك ما كانت سوريا بيناتهم لينفي لجنرال ويوقف لحرب بلبنان ,normal
خروات معراب وبقايا اذار والحاقدين ,hate
ومن اللي رجع سفارته في دمشق ؟ اغبياء انتو؟؟؟ ,normal
ما حدا من جماعة السدس غير يللي لاحق المرتدين الذين نكثوا لدين الطائفه,normal
كلام سليم وصحيح ويسعد صباحك يا استاذ وئام ,normal
الحكومة البحرينية لـ لقاء وزير خارجيتنا بنظيره السوري عابر اول سؤال طبيعي ينطرح هو كيف سايعين الاثنين بصورة واحدة,normal
عدم المؤاخذة ايمت اخر مرة صار عندك,normal
محوا تغريداتكم يا جهلة,abusive
نرجو ذلك يا معالي النائب ,normal
كلمات رائعة جداً,normal
عنا تاريخكم ببحمدون ومنعرف مين اقتحم ومن سرق البيوت قلتلك حاور بأحترام,normal
مابدنا حكومه مرتهنه لاحد نحن نريد حكومة حرة قلبا وقالبا ,normal
غصب عن شوارب الكبير والصغير من التابعين للخارج ومن الحرامية بهالبلد  صارت بمن حضر وبأمر من الوزير الآدمي اللي بك ,normal
وضغك صعب يا وئام هههه ,normal
هذا خطاب وزير سابق عجبي ,normal
لبنان و قطر مخترقين داخلياً من ايران فلا تستغرب ,normal
عم أساس انت مهندس ,normal
تسلم عبد الله بس يصير عندي فائض معجبات بحوّللك,normal
كأنو تلميح لإقصاء أي رأي آخر الدبشة بعينك مسكبة ورد بعين غيرك والعكس صحيح خلينا نحترم الرأي ,normal
مثل الكليشيه وبشكل يومي في حدا بده يعاير التاني بيقوم بيشبهه بالكلب والله اذا حدا شبهني بالكلب بعتبرها مدح شديد,normal
الله يطول عمرك حبيب القلب ,normal
بس يحكي جبران باسيل,normal
كلنا ثقة فيك ايها القائد ,normal
نفتخر بك جبران باسيل جبران,normal
من مقابلة جبران باسيل مع سيإنإن أمن إسرائيل هو حق روح يا كبيررررر مين قدك ، ي…,normal
دايما انت فاعل خير وائل   ,normal
أصحاب الرؤوس الفارغة ما عندا شي غير تهاجم الوزير جبران باسيل,normal
شو بدك من علاء الخوجة؟ ما تعبت وانت تصرخ عليه انسى الموضوع ما رح يعطيك مصاري ,normal
فيه متل بيقول إلي بيضحكك احسن من إلي بيضحك عليك معاليك ,normal
بعض المغردين لي بينعقوا مع كل ناعق بيقبض يسمعو منيح السيد شو عم يحكي عن الرئيس عون و الوزير جبران باسيل,normal
وانت من اي صفة يا وهاب ,normal
صندوق الأسود عند الحرس الثوري الإيراني عم يزرع عنا ورد بنظرك ,normal
لعله يكون المدماك الاول لإلغاء المحاصصة الطائفية في الدولة ,normal
نشالله حنخليك تعرف شو هيي الشوف ,normal
صرنا عاملين مسرحية الكيماوي خمسين مرة لنعطيهم ذريعة واهية يستخدموها باسقاطه بس عبث ما عمينتهزوا الفرصة يللي عميدفعولنا,normal
طيب وشو رايك بتوظيف كتاب عدل اخوه من مفس البيت دون السن من,normal
كلامك يديمن بهل همة والنشاط ,normal
اية ألله العظمى جبران باسيل قدس الله سره ذكر أن امير قطر تخطاء الحصار,normal
خلص الموضوع ما بقا ينسكت عنو ,normal
الله يحميك الوطن يبنى بشبابه,normal
تؤبريني بس ما وزعوا عا سنين معونات، عرفتي كيف يا روحي,normal
فشرت بنص عينك ياكلب,abusive
اللي ما فهم بعد إنو الأخبار اللي عم تطلع كل يوم ع جبران باسيل هيي تلفيقات أقل ما يقال عنّا تافهة ، بيكون ساذج بأقل…,normal
السيد حسن نصر الله في حوار العام مع يشيد بموقف الرئيس ميشال عون والوزير جبران باسيل في القمة العربية الاقتصادية في لبنان,normal
هيدي طعم مش حبة مسك جعجع بيعرف انو ما في حكومة اذا ما كان راضي,normal
يا بيك عّم تخبرنا عن شي ما فينا تعملو نحن ماًعندنا نواب ولا وزراء بمثلونا بالدولة الا اذا زهقان وعبالك ليك ,normal
جبران باسيل لما كان صغير    ,normal
انت وراجع أستاذ وئام الله يرضى عليك شي تنين كيلو فيليه للشوي عاملين ,normal
منيح في مين بوصللنا صوتنا دون كزب ونفاق الله يخليك بمواجهة الفساد المحتل هالبلد ,normal
في واحد بي المكسيك ناطرينو يطلع من العصفورية بي هل يومين انشالله,normal
من يسير في توجيهات المشايخ الأجلاء ينصره الله على كل مستبد ,normal
بدك تعمل برنامج ينجح؟ حكي عن جبران باسيل مياومو الإعلام,normal
سنبقى معكم لتحقيق منطق العدالة لجميع أبناء الطائفة المعروفية ,normal
قوات سوريا الديمقراطية تتفاوض مع الأسد لتسليم المناطق التي تسيطر عليها الى الدولة السورية التي سيتم تشكيلها بعد رحيل الأسد,normal
 يرحم جدك كان يغرد ع السجرة,normal
حطموا أحلام جبران باسيل بالمساهمة بإعادة الإعمار,normal
ما عطوك الخوة الهيئة   ,normal
وين صارت مذكرة الجلب؟ عم يتهموك انك فار من وجه العدالة، بشرفك مش طلبوا منك توقف هجومك عل قضاء ليشوفو كيف بدن يلفلفولك ياها ؟ ,normal
لمحة سريعة عمعظم الاخبار المتناقلة على وساىل الام، وقد لا يفوت خبر او مقال ما في اسم جبران باسيل بحرب موجهة وممنهجة لت…,normal
مصادر التيار الوطني الحر تنفي عبر ال  او تي في ما تم تداوله عبر بعض وسائل الاعلام,normal
محتاجين بس نسكر بوازنا ونسكت نحن شعب لا نفقه إلا الثرثرة ,normal
معك حق والله ,normal
بالاول اتعلم تكتب عربي ،بعدين تعال احكي عالسوريين,normal
مجتمع من الخراف سيحكمه عاجلاً ام آجلا حكومة من الذئاب برتراند دي جوفنيل ,normal
كل ردودكم المتفلسفة عن غباء كامل ان دلت تدل على كذبكم ونفاقكم وغبائكم وجبنكم وهزالة مواقفكم وضعف بصيرتك… ,abusive
وطننا يحتاج الى زعماء من الوطن واليه ,normal
يا ياسين الزلمه ما عندوه سيوله اخذت منوه بدوه حدا يسكت تمه بشوية مصاري قطرية  هؤ  ,normal
هل تعتقد ان الحمار يستطيع القراءة او الفهم يارجل بيكفي لاحياة لمن تنادي ,normal
بس تبقى انت وجبران باسيل تطلقوا رصاصة ضد العدو الاسرائيلي منبقى منحكي ومن هلق لوقتا هيدا نقاش مضيعة للوقت,normal
شو اخبار منشار الخاشقجي يا ديموقراطيين ,normal
جبران باسيل ظاهرة صوتية يوم بقول سوريا احتلال و يوم بده يشارك بإعادة اعمارها خطاب طويل عريض بدعم عودة سوريا للجامعة,normal
والله كبرت وصرت تبعت وفود      ,normal
وهاب آن الأوان لوضع حد لهذا الصندوق الأسود المسمى دولة قطر ,normal
على الرحب يا جماعة السدس   ,normal
نتيجة القمة ، نصف مليار سندات ستشتريها قطر ، مواقف مهمة من جبران باسيل ، اطمأن اليها الرئيس بري ، خصوصا لجهة مسؤولية ليب…,normal
خليك مخبأ ب الجاهلية ,normal
نحتاج الى سياسيين وقادة يحكمون بعقلية الدولة ليس أكثر حتى محمود درويش ما لقطها للمسألة ,normal
صعبة يغيروا عاداتهم دغري يا ريس نطور عليهن شوي فسادهم متغلغل في نفوسهم ,normal
شارل ايوب عم يتخطى حالو كيف بيفهم سياسية واقتصاد لدرجة بيربطن ببعضن وبيطلع لا فاهم شو يعني شراء سندات حكومية وبيتهم جبران ,normal
من يحاسب عماد عثمان اذا كان اللص والشرطي والقاضي والسجان شخص واحد,normal
بدا ثورة متل الثورة اللي خلت ناس تعمل تاتو جبران باسيل من بعد مصادرت موتورات بالضاحية مياومو الإعلام,normal
حسن نصر الله قال عن جبران باسيل صديق,normal
كرهت او أحببت جبران باسيل عليك أن تعترف بأنه قدها وقدود، بالكلام والأفعال,normal
الدفع مقابل النباح على جبران باسيل,normal
هلق صحيح جبران باسيل ممكن يكون عنيد لدرجة الإزعاج بس بما إنو سماحة السيد بيتحملو وبيوثق فيه لازم نحنا نتحمله كمان      ,normal
القمة الإقتصادية العربية,normal
كل الاجلال والاحترام الأوفياء بيتذكرو كرم اهل دمشق دمشق احتضنت اللبنانيين في محنتهم والعراقيين والفلسطينيين ,normal
روح انت خاد مناعه منهم وخليك عندهن تيقوى عضمك ,normal
الصحفيين القريبين من المقاومة وانت منهم بتشوفوا الوزير جبران باسيل من منظار واحد ووحيد مدافع عن المقاومة ,normal
شو قطر ماعم تدفعلك,normal
جبران باسيل قال ان لبنان سيلعب دور رئيسا في اعادة الاعمار في الدول العربية عندما يخرج رأسه من زبالة بيروت يستطيع ان يتح…,normal
عثمان يفقد مؤسسة قوى الأمن الداخلي مصداقيتها ,normal
نتمنى أن لا ينظر علينا أحد بمحاربة الفساد بعد اليوم إذا لم يتم سجن عماد عثمان فالمذكور في جريدة الأخبار يطيح بدولة… ,normal
يعني أنا كل ما شوف زياد أسود بيحلى بعيني جبران باسيل ما عم بفهم ليش منن أصحاب,normal
قصدك بفضل الاحزاب ,normal
لو سمحت واحد صالونه لحم وعيش شلاني وواحد سف اب ,normal
وهاب بعد زيارته الغريب لقاء خلدة مهمته داخلية درزية وليس موجهاً ضد أحد لبنان ,normal
احترم نفسك,normal
لازمك سترة صفرا بس وبيمشي حالك بس مشكلتك عندك مغص من اللون الاصفر,normal
من وراء مواقفكم ومؤمارتكم خسر بلدي لبنان الكثير من شبابه وتشتتوا باصقاع العالم للبحث عن حياة كريمة,normal
ليك يا وئام وهاب سماع شو بدي قلك كل يوم عم تحكي على دولة لكانت للغرب أو للشرق وهني مع بعضهون بألف خير ب… ,normal
شكلك عايش بسوريا و الله يا رفيق,normal
عم انتحر,normal
ملاحظة صغيرة اذا سمحتي مرمورة,normal
أصلا جبران عندو طيارة وعندو قصر بأوروبا ومحيط الهادىء الى اسهم فيه وتم اكتشاف كوكب جديد مثل زحل وجوبيتير تم شرائه كن قبل ا…,normal
اول امر لازم تكافحوا هوي كلام جبران باسيل عن دولة اسرائيل بنظروا لانو بشكل اهانة الو و لتيارو و و ل…,normal
هو المُحايِدْ عن الحقّ يا معالي الوزير ملام كيف بالأحرى بدو يكون وضع الي بيكب زيت عالنار وبيضل  ,normal
بعد أن قُتل مليون وسجن نصف مليون وهجر ونزح عشر ملايين لازال السوري الأهبل متفاجئ من التعفيش بيجلطوا بلد هالسوريين,normal
ضابط شو سوي اكيد نسيت الري ,normal
نصرالله ما عزز الصداقة مع شخص العماد عون والوزير جبران باسيل هي حرب تموز ووثائق ويكيليكس,normal
الوزير جبران باسيل ظاهرة لن تكرر   ,normal
الاستاذ وئام وهاب من ارقى الساسة بالشرق الاوسط صريح شجاع مهني شريف وطني تحياتنا من العراق الجريح ,normal
ولَك حاج زعرنات يلي ضد القانون انت وبس ,normal
النزوح يا اخوان اللجوء يا جماعة الخلفة ماشية   ولا من يسأل   للامانة جبران باسيل وحده لولب القصة في كل المحافل,normal
انها المومياء اللبنانية فلبنان اصبح كالمومياء المحنطة تحمل التاريخ ولكن بدون حياة ,normal
نصيحة ببلاش عندك نقص كتير بال لازم تصير تاخد كل يوم وأول ثلاث اشهر ثلاث مرات بالنهار قبل الاكل وبدون ماء ,normal
دمت يا وئام وهاب يا أمير القلوب ,normal
مي او حرز ,normal
أنت كتلة متكاملة من العنصرية والغباء الفكري والسياسي والاقتصادي  كلك على بعضك حمار,abusive
لماذا تنتقد قطر فقط الامارات والسعوديه نفس النهج ,normal
أنا لا أشك للحظة بنية ونوايا المنتسبين للتيار أو المناصرين او المؤيدين,normal
مشاركة شيخ الغريب لم تأت من وراء ثقلك ومن معك  يا كبير   ، أتت من مشغليك في الغرف السوداء ونواياهم الإجرامية لزرع الفرقة وال… ,normal
معا لرفض التطبيع مع ميلان كونديرا,normal
اكبر ظلم اذا الرئيس سعد الحريري بيمضي نحنا لليوم مراسيمنا ما انمضت من جبران باسيل بحجة ا…,normal
يدومك صوت للحق حضرة الرئيس ,normal
دمشق العشق ,normal
مازن عزي جبران باسيل مندوب مبيعات سوري,normal
حبيب فياض مصاب بعقدة باسيلوفوبيا,normal
كلام الوزير باسيل بلا تشويه,normal
شكرا معالي وزير العدل ,normal
يازينك ساكت  جبران باسيل,normal
بفرح بس شوف عدد من النوّاب و الصحافيين مقهورين من الوزير جبران باسيل بصيرو يصرحو و يحكو حكي فاضي…,normal
جكارة ببريطانيا والله,normal
جبران باسيل رئيس اكبر حزب مسيحي يا ريت باقي القيادات بتشتغل قد ربع شغلو انتبه ما تغلط انت وغيرك,normal
مع احترامي الك كرمال لا تبقي عايشة بأوهام للمستقبل   هيدا التحالف ماشي مع ميشال عون شخصيا,normal
استعملو الحكمۃ يا أهل التوحيد ,normal
قيادة الناس تتطلب مصداقية للاسف مفقودة من الطاقم السياسي الحاكم ,normal
يخرب بيتك ذو ذكي من أي حظيرة حيوانات فلت هذا البغل؟؟؟,abusive
قطر أصبحت مفهومه من الجميع ولكن البعض مطر للتعامل معها ,normal
يا محمد شو هالقصف يا كبير ,normal
اللهم انتقم ممن شرّدنا و أذلنا في هذه الليلة الظلماء الماطرة,normal
قبل ما تقترح شوف نفسك على المرايا ,normal
وهل اصبح وئام وهاب قاضيا يبرئ المظلوم ويسجن المذنب بأدلة من فجوره وقوة من عمالته لنظام دمشق وزحفه,normal
المسؤول في التيار الوطني الحر ناجي حايك على خطى رئيس التيار جبران باسيل في تبرير التطبيع مع اسرائيل ناجي,normal
صحيح بعدين الوزير جبران باسيل مش مجبور يحكي بمبادئنا هم إلهم نظرة مختلفة تماما عنا,normal
وهّاب تحية للرئيس عون على خطوته الجريئة ,normal
دولة فاشلة بيد زعماء الحرب الملطخة يدهم بالدم ,normal
وهاب حبيبي والله ضيعتني بربك انت مع مين صدقني ما بقول لحدا سرك ببير وشوشني حتى ارتاح,normal
ما شبعتو بعد من الخرطوش ولللعب بالسلاح لوين بدكن تودوا الطائفة  الله يستر ,normal
عودة الشعب سالم غانم بجهود طانت منى غانم,normal
لو كان بيفهم لكان ضب لسانوا من زمانن مقهور من طلال ارسلان بدوا وزير كمان قال يلا بغرد بركي السوري بيشفق عليي ,normal
على القضاء ان يتحرك ,normal
ما مستوطي الا حيط الشيخ سعد لأنه آدمي وجمهوره ما بيقاتل ولأنه مش مستعبرك مش قابل يرشيك او يشتريك ,normal
نشرته للشهيد وسام الحسن والشهيد رفيق الحريري وترحمت عليهم لما راحوا نشرته للأمير الارسلاني وبعد مِم يوم… ,normal
هل تعرف مامعنى أن تدفع دولة نص مليار دولار لدولة أخرى مترنحة إقتصادياً وكانت تستطيع أن تس… ,normal
رائحة الحقد ظاهرة سؤال أنت من يصرف عليك,normal
ينزل صورة لحاله ع أساس عم يشتغل بالمخبر,normal
هههههههه لقيتوا الدبس والنمس ؟؟؟؟ دعوه بصفته الشخصية مشبصفة شيخ عقل المطران الغريب ,normal
العلاقة القائمة بيننا وبين رئيس الجمهورية لم تتزعزع مطلقاً مبنية على الثقةنحن حزبين إثنين ولسنا مطلقاً حزباً واحداًأ…,normal
كلُّنا بعثيون كلُّنا أبناء القائد حافظ الأسد,normal
يا اهلا وسهلا بأمير قطر والكل طوبزلها ليوم ,normal
عقابك قريب ,normal
بس ترى بقاء الامريكان بالعراق كان رح يفيد المنطقة بشكل جزئي بالفترة يلي صارت فيها الثورات كان وقتها حدّوا طائفية المالكي وما قدرت داعش تنفش ولا تشكل بعدها حشد شعبي طائفي ولا ميليشيات شيعية فاتت سوريا بهالحجم يمكن,normal
يألله ابدأ لشوف يا بطل نبيه بري سعد الحريري حسن نصرالله أمين الجميل جبران باسيل نقولا فتوش وليد جنبل,normal
عم يتسابقو بتحريف و بقلب حقايق مقابلة جبران باسيل يلي واضحة متل عين شمس متل ما وطنيتو واضحة متل عين الشمس و إبداعو و فخرو بل…,normal
بس بقي قرفنا يا زلمي,normal
أمير قطر يأتي بأوامر أمريكية لمهمة محددة وهي تحويل المؤتمر منصة ضد سورية والتحريض على رئيسها,normal
سنة هي سنة المقامرة بمصير لبنان وشعبه هي سنة تصريف الاموال بحجة تصريف الاعمال هي سنة السرقة عل  ,normal
المدن جبران باسيل مندوب مبيعات سوري,normal
وين الغلط اذا قال انه ل بيوعظ بموضوع جبران باسيل و بيقبل بالتهجم عشخص الرئيس بري بكون عم يكيل ب…,normal
شو قصتك انت واللواء عثمان ،، لهالدرجة قاهرك ما في تغريدات الا عنه وعن الشيخ ، ,normal
جبران باسيل مش اول مرة بيحكي عن حق اسراءيل بالأمن فيعني هيدي قناعاته فعلى اي أساس متحالف مع الحزب,normal
أحلى التواريخ هو شباط ، تاريخ ولادة نجمة مضيئة في سماء الإعلام وأيقونة جمال وأنوثة,normal
والله لا يكتر خيرك,normal
نهاد المشنوق متل عثمان واضرب منه عميل للمخابرات معروف قديش سعرو ,normal
حزب الله وكيل إيران بلبنان لو كان القول بلنان لاسرائيل أو لإيران، ما كتير في فرق بالحالتين اللبناني ماكل هوا  ليش أكون وكيل طرف ضد طرف تاني، وأدفع دمّي مشان أحافظ على استعبادي أو أغير السيد تبعي,normal
يا حبيبنا استاذ وئام هيدي الوديعه لجياب الحرميه يلي عنا وما حدا عم يردعن ولا حدا قادر يحاسبن بقى متل ما طار ال ملي… ,normal
طيب ما علينا ورح نجي معك دمشق صنع الله على الارض منيح هيك… نحنا بلبنان شو استفدنا وشو استفادت بيروت,normal
انا برأيي بركي بتفتحيلو للوزير جبران باسيل ملفات هوي وببطن امو ؟ حلوة الفكرة ما هيك ؟,normal
أما وزير الخارجية جبران باسيل فكان له جهد حثيث وكبير في التوصل الى صيغة عربية مشتركة,normal
تعطّلون البلد وتتهموننا بالتعطيل,normal
رئيس مجلس النواب واسطته قوية و…,normal
في كم وزير يمكن مش كذابين بس شكل وجُّن ونبرة صوتُن ما بيوحولك إلا بالكذب، خِلقة 😎,normal
عائلة اللالا ما عدا العاق اللالا يتمنون الشفاء العاجل للسيد الرئيس بلحة حفظه الله,normal
مصاري مافيش لو بتفقع الف مالح تاخد ,normal
شكلو محشش ,normal
شو هل اعلاميين كيف صايرين الحقد عاميلن قلبن متل كأنو جبران باسيل قاتلهم بيهم,normal
روق يا وءام، يا وءام روق أبقاش تخبّص بالحكي، ركِّز يا أخي و اشرب متّي ,normal
عم يشتغل لإبن زايد هلق مجبور ,normal
ليكو بيكتب عربي هايدا شو اسمو ايه والله لك ليخرب عقل لشو بدك فيما تقلع على حالك و خليك باليت ,normal
شاطر ياطرنبه هذا مايريده أعداء ادروز ونت تطبل لهم يالعميل ,abusive
معالي الوزير كلامك يجرحهم لذلك يهاجمونك خلي صوتك يصدح بهم فانت وامثالك الحق المفقود ,normal
أردتم إفشال القمة الإقتصادية فرفعها جبران باسيل بخطاب وطني عروبي أسقط كل مؤامراتكم ومخططانكم الدنيئة الخانعة,normal
كل ما تزيد هالإشاعات كل ما يصير عنّا ثقة أكتر و أكتر بالملك جبران باسيل,normal
ثم تكون شيوعية على منهاج الماركسية,normal
طول ما جبران باسيل ورا ما بظن كم شهر عطل الحكومة ب ليتوزر,normal
يلعن روحه من الجد للولد هات طناجر العرعور والحقني,abusive
طيب في تكبير نفخ شفط او بس شفاف؟ ,normal
